No,Date,SO2,NOx,RSPM,SPM,AQI
1,18-06-2015,10,14,43,115,43
2,22-06-2015,10,12,40,88,40
3,25-06-2015,9,12,36,81,36
4,29-06-2015,11,16,51,133,51
5,02-07-2015,11,17,55,146,55
6,06-07-2015,13,19,57,147,57
7,09-07-2015,12,19,53,135,53
8,13-07-2015,13,20,60,155,60
9,16-07-2015,12,18,54,140,54
10,20-07-2015,10,16,51,125,51
11,23-07-2015,9,14,47,114,47
12,27-07-2015,8,12,42,102,42
13,30-07-2015,7,11,35,87,35
14,03-08-2015,8,11,41,97,41
15,06-08-2015,8,12,43,102,43
16,10-08-2015,8,13,48,108,48
17,13-08-2015,9,13,51,115,51
18,17-08-2015,10,16,54,122,54
19,20-08-2015,10,17,57,130,57
20,24-08-2015,11,19,58,132,58
21,27-08-2015,11,19,62,141,62
22,31-08-2015,12,20,65,150,65
23,03-09-2015,12,21,67,159,67
24,07-09-2015,13,22,67,154,67
25,10-09-2015,12,20,68,150,68
26,14-09-2015,14,24,72,165,72
27,17-09-2015,14,25,75,172,75
28,21-09-2015,15,26,76,174,76
29,24-09-2015,15,26,73,173,73
30,28-09-2015,15,26,66,146,66
31,01-10-2015,15,28,72,163,72
32,05-10-2015,15,26,74,158,74
33,08-10-2015,16,27,72,162,72
34,12-10-2015,13,24,67,143,67
35,15-10-2015,14,25,69,151,69
36,19-10-2015,14,27,69,152,69
37,22-10-2015,15,27,72,166,72
38,26-10-2015,16,30,74,157,74
39,29-10-2015,16,31,76,165,76
40,02-11-2015,16,30,73,160,73
41,05-11-2015,16,31,76,167,76
42,09-11-2015,17,38,81,174,81
43,19-11-2015,11,24,61,137,61
44,23-11-2015,11,26,62,141,62
45,26-11-2015,12,27,65,149,65
46,30-11-2015,12,27,67,151,67
47,03-12-2015,12,27,69,155,69
48,07-12-2015,13,29,72,163,72
49,10-12-2015,13,30,78,154,78
50,14-12-2015,13,29,71,166,71
51,17-12-2015,13,30,74,173,74
52,21-12-2015,14,31,72,169,72
53,24-12-2015,14,31,69,171,69
54,28-12-2015,15,32,69,167,69
55,31-12-2015,15,33,73,178,73
56,04-01-2016,16,35,72,176,72
57,07-01-2016,15,33,68,161,68
58,11-01-2016,17,36,69,167,69
59,14-01-2016,17,37,73,176,73
60,18-01-2016,17,33,76,185,76
61,21-01-2016,17,31,70,172,70
62,25-01-2016,16,30,66,165,66
63,28-01-2016,15,28,61,151,61
64,01-02-2016,14,26,63,160,63
65,04-02-2016,14,25,59,148,59
66,08-02-2016,14,24,67,175,67
67,11-02-2016,13,24,60,153,60
68,15-02-2016,10,20,59,157,59
69,18-02-2016,11,21,63,168,63
70,22-02-2016,12,22,66,176,66
71,25-02-2016,10,21,68,179,68
72,29-02-2016,14,23,69,189,69
73,03-03-2016,12,21,60,158,60
74,07-03-2016,11,19,58,150,58
75,10-03-2016,11,18,56,142,56
76,14-03-2016,9,21,60,154,60
77,17-03-2016,12,21,64,165,64
78,21-03-2016,12,22,65,170,65
79,24-03-2016,12,23,69,178,69
80,28-03-2016,13,24,74,191,74
81,31-03-2016,13,25,77,201,77
82,04-04-2016,11,20,65,156,65
83,07-04-2016,13,23,72,175,72
84,11-04-2016,13,25,70,177,70
85,14-04-2016,13,25,74,186,74
86,18-04-2016,14,26,76,194,76
87,21-04-2016,14,27,83,206,83
88,25-04-2016,15,28,65,161,65
89,28-04-2016,15,28,69,172,69
90,02-06-2016,11,19,50,115,50
91,06-06-2016,11,18,48,108,48
92,09-06-2016,11,17,46,100,46
93,13-06-2016,12,22,55,125,55
94,16-06-2016,11,19,53,119,53
95,20-06-2016,13,25,63,138,63
96,27-06-2016,9,19,50,104,50
97,30-06-2016,7,16,46,98,46
98,04-07-2016,12,12,42,85,42
99,07-07-2016,6,12,38,77,38
100,11-07-2016,5,10,33,69,33
101,14-07-2016,6,11,42,88,42
102,18-07-2016,7,13,48,104,48
103,21-07-2016,7,14,50,110,50
104,25-07-2016,7,14,53,119,53
105,28-07-2016,7,15,56,131,56
106,08-08-2016,8,16,58,142,58
107,11-08-2016,8,17,60,150,60
108,15-08-2016,9,19,63,154,63
109,18-08-2016,8,16,56,138,56
110,22-08-2016,10,20,65,133,65
111,25-08-2016,10,21,71,152,71
112,29-08-2016,11,20,73,158,73
113,01-09-2016,12,21,76,166,76
114,05-09-2016,12,21,76,173,76
115,08-09-2016,11,19,70,160,70
116,12-09-2016,11,19,74,168,74
117,15-09-2016,11,20,76,176,76
118,19-09-2016,11,18,69,160,69
119,22-09-2016,10,16,60,143,60
120,26-09-2016,9,14,57,119,57
121,29-09-2016,9,14,52,109,52
122,03-10-2016,10,16,51,110,51
123,06-10-2016,11,17,54,116,54
124,10-10-2016,9,14,50,104,50
125,13-10-2016,9,14,51,108,51
126,17-10-2016,9,15,51,108,51
127,20-10-2016,10,15,53,115,53
128,24-10-2016,10,16,58,128,58
129,27-10-2016,11,19,66,147,66
130,31-10-2016,9,14,52,109,52
131,03-11-2016,9,13,49,102,49
132,07-11-2016,8,15,47,98,47
133,10-11-2016,8,14,43,91,43
134,14-11-2016,8,13,47,98,47
135,17-11-2016,8,14,50,106,50
136,21-11-2016,9,15,53,113,53
137,24-11-2016,9,15,56,119,56
138,28-11-2016,9,16,58,124,58
139,01-12-2016,10,17,60,130,60
140,05-12-2016,11,21,64,136,64
141,08-12-2016,11,21,66,143,66
142,12-12-2016,11,22,69,153,69
143,15-12-2016,12,22,69,150,69
144,19-12-2016,12,23,70,156,70
145,22-12-2016,13,24,73,164,73
146,26-12-2016,13,24,73,165,73
147,29-12-2016,13,25,75,171,75
148,02-01-2017,10,16,69,157,69
149,05-01-2017,10,16,73,157,73
150,09-01-2017,15,31,70,174,70
151,12-01-2017,16,32,73,180,73
152,16-01-2017,15,27,57,148,57
153,19-01-2017,14,27,53,141,53
154,23-01-2017,15,28,58,157,58
155,26-01-2017,15,27,52,137,52
156,30-01-2017,16,31,62,166,62
157,02-02-2017,15,30,57,156,57
158,06-02-2017,13,25,55,152,55
159,09-02-2017,14,25,58,157,58
160,13-02-2017,13,23,53,147,53
161,16-02-2017,14,25,57,157,57
162,20-02-2017,14,25,61,169,61
163,23-02-2017,15,27,66,182,66
164,27-02-2017,18,32,69,178,69
165,02-03-2017,16,30,63,166,63
166,06-03-2017,16,30,66,175,66
167,09-03-2017,16,29,63,168,63
168,13-03-2017,16,31,85,203,85
169,16-03-2017,15,29,75,185,75
170,20-03-2017,16,30,66,177,66
171,23-03-2017,15,28,64,169,64
172,27-03-2017,14,27,62,164,62
173,30-03-2017,15,28,72,186,72
174,03-04-2017,15,29,76,203,76
175,06-04-2017,14,27,74,196,74
176,10-04-2017,14,27,77,206,77
177,13-04-2017,15,29,80,217,80
178,17-04-2017,15,29,83,231,83
179,20-04-2017,13,26,78,217,78
180,24-04-2017,14,27,78,194,78
181,27-04-2017,15,30,81,201,81
182,01-05-2017,13,23,67,169,67
183,04-05-2017,11,21,54,122,54
184,08-05-2017,12,21,59,144,59
185,11-05-2017,13,22,62,155,62
186,15-05-2017,12,20,58,133,58
187,18-05-2017,13,24,62,142,62
188,22-05-2017,15,26,70,161,70
189,25-05-2017,16,30,73,170,73
190,29-05-2017,14,26,58,143,58
191,01-06-2017,13,23,51,131,51
192,05-06-2017,15,27,71,144,71
193,08-06-2017,14,25,67,132,67
194,12-06-2017,13,23,47,104,47
195,15-06-2017,11,21,39,92,39
196,19-06-2017,15,26,58,124,58
197,22-06-2017,14,25,50,108,50
198,26-06-2017,13,22,52,104,52
199,29-06-2017,10,19,33,70,33
200,03-07-2017,12,24,49,92,49
201,06-07-2017,14,25,51,102,51
202,10-07-2017,16,28,55,107,55
203,13-07-2017,11,19,41,79,41
204,17-07-2017,10,19,32,56,32
205,20-07-2017,6,15,35,60,35
206,24-07-2017,10,20,42,70,42
207,27-07-2017,10,18,42,69,42
208,31-07-2017,10,18,39,69,39
209,03-08-2017,10,18,41,73,41
210,07-08-2017,10,16,40,71,40
211,10-08-2017,12,19,46,79,46
212,14-08-2017,13,20,51,88,51
213,17-08-2017,11,16,42,74,42
214,21-08-2017,12,18,39,62,39
215,24-08-2017,10,16,33,53,33
216,28-08-2017,9,14,31,55,31
217,31-08-2017,10,16,33,58,33
218,04-09-2017,9,15,30,58,30
219,07-09-2017,8,13,29,53,29
220,11-09-2017,10,12,44,85,44
221,14-09-2017,9,11,42,78,42
222,18-09-2017,13,15,57,105,57
223,21-09-2017,11,11,46,79,46
224,25-09-2017,10,13,42,71,42
225,28-09-2017,13,16,54,92,54
226,02-10-2017,11,16,55,105,55
227,05-10-2017,10,14,51,85,51
228,09-10-2017,10,14,44,82,44
229,12-10-2017,11,16,51,92,51
230,16-10-2017,13,20,60,85,60
231,19-10-2017,15,22,65,115,65
232,23-10-2017,12,22,70,156,70
233,26-10-2017,11,20,59,126,59
234,30-10-2017,13,16,60,114,60
235,02-11-2017,15,19,66,129,66
236,06-11-2017,9,15,53,107,53
237,09-11-2017,10,16,59,122,59
238,13-11-2017,10,14,51,103,51
239,16-11-2017,12,16,63,118,63
240,20-11-2017,9,14,54,96,54
241,23-11-2017,11,17,60,115,60
242,27-11-2017,10,18,52,113,52
243,30-11-2017,11,19,57,122,57
244,04-12-2017,8,14,42,85,42
245,07-12-2017,9,15,47,102,47
246,11-12-2017,10,19,56,135,56
247,14-12-2017,10,22,62,142,62
248,18-12-2017,11,23,69,158,69
249,21-12-2017,12,25,72,168,72
250,25-12-2017,13,25,74,172,74
251,28-12-2017,13,26,76,181,76
252,01-01-2018,15,30,78,191,78
253,04-01-2018,16,32,81,204,81
254,08-01-2018,17,34,83,214,83
255,11-01-2018,16,32,78,201,78
256,15-01-2018,18,34,85,216,85
257,18-01-2018,19,36,88,228,88
258,22-01-2018,17,32,82,197,82
259,25-01-2018,16,31,77,184,77
260,29-01-2018,16,32,76,201,76
261,01-02-2018,16,31,74,190,74
262,05-02-2018,19,36,82,219,82
263,08-02-2018,15,32,76,199,76
264,12-02-2018,15,28,67,169,67
265,15-02-2018,14,26,64,160,64
266,19-02-2018,12,20,63,154,63
267,22-02-2018,13,22,67,166,67
268,26-02-2018,14,24,70,181,70
269,01-03-2018,16,27,80,204,80
270,05-03-2018,14,22,64,153,64
271,08-03-2018,15,23,67,164,67
272,12-03-2018,13,21,61,154,61
273,15-03-2018,14,23,57,159,57
274,19-03-2018,13,24,69,208,69
275,22-03-2018,14,25,74,219,74
276,26-03-2018,14,27,78,234,78
277,29-03-2018,15,27,81,246,81
278,02-04-2018,13,24,72,213,72
279,05-04-2018,16,30,80,269,80
280,09-04-2018,12,23,71,216,71
281,12-04-2018,13,24,76,228,76
282,16-04-2018,13,25,78,235,78
283,19-04-2018,14,26,81,244,81
284,23-04-2018,15,27,68,208,68
285,26-04-2018,15,28,73,221,73
286,30-04-2018,12,23,63,194,63
287,03-05-2018,14,25,69,210,69
288,07-05-2018,12,21,70,190,70
289,10-05-2018,13,24,65,200,65
290,14-05-2018,12,21,67,155,67
291,17-05-2018,10,17,60,141,60
292,21-05-2018,11,19,63,143,63
293,24-05-2018,10,18,59,128,59
294,28-05-2018,11,17,61,135,61
295,31-05-2018,10,17,57,124,57
296,04-06-2018,9,15,52,144,52
297,07-06-2018,9,15,49,133,49
298,11-06-2018,9,15,56,128,56
299,14-06-2018,11,16,59,141,59
300,21-06-2018,8,12,51,132,51
301,25-06-2018,11,15,54,106,54
302,28-06-2018,9,14,52,97,52
303,02-07-2018,10,14,47,89,47
304,05-07-2018,10,15,50,94,50
305,09-07-2018,9,13,42,78,42
306,19-07-2018,11,15,48,100,48
307,23-07-2018,10,15,47,107,47
308,26-07-2018,14,18,55,127,55
309,30-07-2018,9,14,42,98,42
310,02-08-2018,10,15,48,124,48
311,06-08-2018,8,12,43,83,43
312,09-08-2018,11,14,48,104,48
313,13-08-2018,9,15,47,92,47
314,16-08-2018,11,19,53,121,53
315,20-08-2018,10,16,49,111,49
316,23-08-2018,11,17,51,124,51
317,27-08-2018,12,17,42,92,42
318,30-08-2018,10,16,47,99,47
319,03-09-2018,9,17,66,158,66
320,06-09-2018,10,18,69,165,69
321,10-09-2018,11,18,72,170,72
322,13-09-2018,9,15,70,156,70
323,17-09-2018,10,17,68,143,68
324,20-09-2018,10,18,78,158,78
325,24-09-2018,12,19,74,174,74
326,27-09-2018,9,17,64,153,64
327,01-10-2018,10,17,51,113,51
328,04-10-2018,11,18,54,119,54
329,08-10-2018,8,17,44,95,44
330,11-10-2018,9,18,47,105,47
331,15-10-2018,11,16,57,103,57
332,18-10-2018,10,14,53,93,53
333,22-10-2018,9,15,51,106,51
334,25-10-2018,10,16,53,117,53
335,29-10-2018,12,19,59,125,59
336,01-11-2018,11,17,52,109,52
337,05-11-2018,11,17,49,91,49
338,08-11-2018,7,11,35,90,35
339,12-11-2018,8,11,47,94,47
340,15-11-2018,9,13,50,106,50
341,19-11-2018,10,12,48,109,48
342,22-11-2018,11,13,53,119,53
343,26-11-2018,11,14,50,104,50
344,29-11-2018,11,15,55,113,55
345,03-12-2018,11,18,57,128,57
346,06-12-2018,11,19,59,134,59
347,10-12-2018,12,19,65,146,65
348,13-12-2018,12,21,70,156,70
349,17-12-2018,13,12,67,146,67
350,20-12-2018,13,22,70,158,70
351,24-12-2018,14,24,69,163,69
352,27-12-2018,14,25,73,176,73
353,02-01-2019,17,33,79,177,79
354,05-01-2019,18,33,82,195,82
355,09-01-2019,17,31,76,184,76
356,12-01-2019,17,28,73,169,73
357,16-01-2019,16,29,74,168,74
358,19-01-2019,16,28,71,161,71
359,23-01-2019,15,26,63,147,63
360,26-01-2019,16,27,66,159,66
361,30-01-2019,14,24,58,138,58
362,02-02-2019,16,24,61,149,61
363,06-02-2019,19,29,80,207,80
364,09-02-2019,18,27,76,192,76
365,13-02-2019,18,28,70,149,70
366,16-02-2019,19,31,74,160,74
367,20-02-2019,17,26,69,155,69
368,23-02-2019,16,23,64,143,64
369,27-02-2019,14,20,65,144,65
370,02-03-2019,12,16,53,126,53
371,06-03-2019,14,21,70,160,70
372,09-03-2019,15,21,74,168,74
373,13-03-2019,14,19,65,167,65
374,16-03-2019,13,18,62,157,62
375,20-03-2019,13,18,65,149,65
376,23-03-2019,15,23,74,188,74
377,27-03-2019,16,21,76,177,76
378,30-03-2019,15,19,70,160,70
379,03-04-2019,13,21,78,153,78
380,06-04-2019,10,18,70,139,70
381,10-04-2019,13,22,73,145,73
382,13-04-2019,12,20,68,134,68
383,17-04-2019,11,18,56,157,56
384,20-04-2019,12,22,62,176,62
385,24-04-2019,14,27,79,198,79
386,27-04-2019,13,25,75,182,75
387,01-05-2019,11,17,56,119,56
388,04-05-2019,14,22,71,165,71
389,08-05-2019,15,27,76,158,76
390,11-05-2019,16,28,79,171,79
391,15-05-2019,15,24,68,172,68
392,18-05-2019,13,22,63,152,63
393,22-05-2019,13,21,60,135,60
394,25-05-2019,13,20,58,126,58
395,29-05-2019,13,19,56,119,56
396,01-06-2019,12,18,53,111,53
397,05-06-2019,11,14,66,108,66
398,08-06-2019,10,13,58,97,58
399,12-06-2019,10,14,55,86,55
400,15-06-2019,11,15,58,95,58
401,19-06-2019,11,15,58,88,58
402,22-06-2019,8,12,41,72,41
403,26-06-2019,6,8,36,60,36
404,03-07-2019,8,13,52,90,52
405,06-07-2019,9,13,56,102,56
406,10-07-2019,7,12,46,89,46
407,13-07-2019,7,10,44,85,44
408,17-07-2019,9,12,41,83,41
409,20-07-2019,9,13,48,92,48
410,14-08-2019,7,11,41,69,41
411,17-08-2019,7,13,51,88,51
412,21-08-2019,10,14,51,101,51
413,24-08-2019,9,11,43,86,43
414,28-08-2019,9,15,56,123,56
415,31-08-2019,9,16,61,136,61
416,11-09-2019,10,18,61,113,61
417,14-09-2019,10,18,61,116,61
418,18-09-2019,10,20,58,98,58
419,21-09-2019,10,18,64,107,64
420,25-09-2019,12,25,56,102,56
421,28-09-2019,11,23,59,106,59
422,02-10-2019,8,19,53,108,53
423,05-10-2019,8,20,56,116,56
424,09-10-2019,12,20,58,115,58
425,12-10-2019,10,19,52,105,52
426,16-10-2019,13,21,57,119,57
427,19-10-2019,15,25,69,145,69
428,23-10-2019,13,21,52,110,52
429,26-10-2019,10,22,51,109,51
430,30-10-2019,9,18,63,119,63
431,02-11-2019,10,18,65,131,65
432,06-11-2019,9,15,47,119,47
433,09-11-2019,10,17,49,128,49
434,13-11-2019,11,18,53,142,53
435,16-11-2019,10,16,51,135,51
436,20-11-2019,11,17,55,149,55
437,23-11-2019,12,18,58,160,58
438,27-11-2019,12,15,54,163,54
439,30-11-2019,12,14,51,151,51
440,04-12-2019,12,17,51,127,51
441,07-12-2019,11,15,46,113,46
442,11-12-2019,13,21,60,148,60
443,14-12-2019,12,18,56,137,56
444,18-12-2019,10,16,57,152,57
445,21-12-2019,13,20,64,173,64
446,25-12-2019,11,16,55,126,55
447,28-12-2019,12,16,58,135,58
448,01-01-2020,18,36,75,181,75
449,04-01-2020,15,32,66,148,66
450,08-01-2020,19,38,78,188,78
451,11-01-2020,17,36,70,170,70
452,15-01-2020,19,36,79,169,79
453,18-01-2020,20,38,83,196,83
454,22-01-2020,19,31,78,172,78
455,25-01-2020,17,30,70,153,70
456,29-01-2020,17,32,69,173,69
457,01-02-2020,17,30,65,163,65
458,05-02-2020,17,32,68,178,68
459,08-02-2020,15,29,60,163,60
460,12-02-2020,16,30,71,171,71
461,15-02-2020,17,32,74,189,74
462,19-02-2020,15,30,65,167,65
463,22-02-2020,15,28,63,147,63
464,26-02-2020,15,27,66,135,66
465,29-02-2020,17,29,70,144,70
466,04-03-2020,14,19,67,181,67
467,07-03-2020,15,21,71,196,71
468,11-03-2020,12,18,62,162,62
469,14-03-2020,13,19,67,174,67
470,18-03-2020,12,17,58,158,58
471,21-03-2020,12,18,58,169,58
472,06-06-2020,8,10,39,99,39
473,10-06-2020,10,11,40,112,40
474,13-06-2020,9,10,36,102,36
475,24-06-2020,10,13,42,128,42
476,27-06-2020,11,14,44,138,44
477,01-07-2020,9,10,36,92,36
478,04-07-2020,10,11,33,69,33
479,08-07-2020,8,9,38,76,38
480,11-07-2020,9,11,42,88,42
481,15-07-2020,7,12,31,60,31
482,18-07-2020,7,10,35,65,35
483,22-07-2020,7,9,35,72,35
484,25-07-2020,6,9,31,64,31
485,29-07-2020,7,9,40,78,40
486,01-08-2020,8,10,41,88,41
487,08-08-2020,5,7,26,48,26
488,12-08-2020,7,10,33,60,33
489,22-08-2020,5,9,43,76,43
490,26-08-2020,6,10,38,73,38
491,29-08-2020,7,11,44,88,44
492,02-09-2020,7,8,33,59,33
493,05-09-2020,8,10,37,73,37
494,16-09-2020,9,10,36,72,36
495,23-09-2020,9,12,44,83,44
496,26-09-2020,9,12,44,83,44
497,30-09-2020,9,11,45,83,45
498,10-10-2020,10,15,46,79,46
499,17-10-2020,10,12,49,89,49
500,21-10-2020,10,15,53,102,53
501,24-10-2020,11,16,56,113,56
502,28-10-2020,9,15,51,98,51
503,31-10-2020,11,17,56,111,56
504,04-11-2020,10,14,49,105,49
505,07-11-2020,11,15,53,116,53
506,11-11-2020,11,16,53,124,53
507,14-11-2020,13,24,78,181,78
508,18-11-2020,9,15,49,94,49
509,21-11-2020,10,16,56,108,56
510,25-11-2020,11,13,49,101,49
511,28-11-2020,11,14,56,117,56
512,02-12-2020,9,15,54,110,54
513,05-12-2020,10,17,57,117,57
514,09-12-2020,10,17,55,101,55
515,12-12-2020,11,18,60,114,60
516,16-12-2020,11,19,59,123,59
517,19-12-2020,12,20,64,133,64
518,23-12-2020,10,18,55,115,55
519,26-12-2020,11,19,61,131,61
520,30-12-2020,10,17,52,122,52
521,02-01-2021,11,18,55,131,55
522,06-01-2021,8,15,47,101,47
523,09-01-2021,9,15,51,109,51
524,13-01-2021,12,17,56,134,56
525,16-01-2021,12,18,60,144,60
526,20-01-2021,12,19,58,138,58
527,23-01-2021,11,18,54,127,54
528,27-01-2021,13,20,63,165,63
529,03-02-2021,13,19,63,161,63
530,06-02-2021,13,19,68,173,68
531,10-02-2021,13,20,69,155,69
532,13-02-2021,14,21,73,180,73
533,17-02-2021,15,22,68,197,68
534,20-02-2021,14,19,63,172,63
535,24-02-2021,15,22,70,163,70
536,27-02-2021,14,20,65,154,65
537,03-03-2021,12,14,67,133,67
538,06-03-2021,12,16,69,142,69
539,10-03-2021,12,17,65,119,65
540,13-03-2021,11,16,61,113,61
541,17-03-2021,13,21,66,141,66
542,20-03-2021,15,22,71,151,71
543,24-03-2021,14,20,72,157,72
544,27-03-2021,15,20,77,168,77
545,31-03-2021,16,24,78,163,78
546,03-04-2021,15,22,68,144,68
547,07-04-2021,6,13,36,72,36
548,10-04-2021,10,16,47,95,47
549,14-04-2021,7,12,51,94,51
550,17-04-2021,6,11,49,88,49
551,21-04-2021,8,12,40,78,40
552,24-04-2021,9,13,4,87,16
553,28-04-2021,8,11,38,81,38
554,01-05-2021,8,12,44,94,44
555,05-05-2021,8,13,49,85,49
556,08-05-2021,7,11,47,84,47
557,12-05-2021,9,12,49,91,49
558,15-05-2021,9,12,54,98,54
559,19-05-2021,5,10,35,62,35
560,22-05-2021,6,9,31,53,31
561,26-05-2021,9,13,47,99,47
562,29-05-2021,10,14,52,108,52
563,03-07-2021,10,13,60,116,60
564,07-07-2021,8,13,54,90,54
565,10-07-2021,8,12,51,83,51
566,07-08-2021,6,10,41,63,41
567,11-08-2021,9,12,51,83,51
568,14-08-2021,6,10,46,79,46
569,18-08-2021,6,13,35,60,35
570,21-08-2021,8,12,40,81,40
571,25-08-2021,8,12,49,98,49
572,28-08-2021,7,14,48,99,48
573,01-09-2021,9,15,58,107,58
574,04-09-2021,8,13,48,81,48
575,08-09-2021,8,13,47,90,47
576,11-09-2021,8,14,51,101,51
577,15-09-2021,10,14,53,101,53
578,18-09-2021,12,17,61,124,61
579,22-09-2021,9,12,47,113,47
580,25-09-2021,10,14,53,124,53
581,29-09-2021,9,15,49,105,49
582,06-10-2021,10,17,56,123,56
583,09-10-2021,10,15,54,115,54
584,13-10-2021,11,16,49,124,49
585,16-10-2021,11,16,59,139,59
586,20-10-2021,11,15,55,116,55
587,23-10-2021,11,16,58,124,58
588,27-10-2021,11,16,59,122,59
589,30-10-2021,14,18,63,135,63
590,03-11-2021,13,17,70,103,70
591,06-11-2021,15,24,78,124,78
592,10-11-2021,16,22,74,115,74
593,13-11-2021,11,19,46,73,46
594,17-11-2021,12,23,53,112,53
595,20-11-2021,14,24,58,122,58
596,24-11-2021,12,17,36,78,36
597,27-11-2021,14,20,35,65,35
598,01-12-2021,12,22,60,91,60
599,04-12-2021,11,17,57,93,57
600,08-12-2021,9,18,52,108,52
601,11-12-2021,10,20,56,122,56
602,15-12-2021,10,18,60,108,60
603,18-12-2021,9,17,53,95,53
604,22-12-2021,9,17,45,85,45
605,25-12-2021,11,18,49,94,49
606,29-12-2021,10,20,57,117,57
607,01-01-2022,9,17,56,113,56
608,05-01-2022,8,17,55,99,55
609,08-01-2022,8,18,63,117,63
610,12-01-2022,9,15,47,87,47
611,15-01-2022,10,16,56,107,56
612,19-01-2022,10,18,53,92,53
613,22-01-2022,11,19,58,101,58
614,26-01-2022,7,15,43,94,43
615,29-01-2022,9,17,53,111,53
616,02-02-2022,8,17,61,117,61
617,05-02-2022,10,18,63,124,63
618,09-02-2022,9,16,59,110,59
619,12-02-2022,10,18,65,124,65
620,16-02-2022,8,16,58,119,58
621,19-02-2022,10,18,63,128,63
622,23-02-2022,10,16,55,105,55
623,26-02-2022,11,17,59,117,59
624,02-03-2022,9,17,58,116,58
625,05-03-2022,8,15,54,109,54
626,09-03-2022,10,18,60,120,60
627,12-03-2022,6,11,38,79,38
628,16-03-2022,9,19,53,118,53
629,19-03-2022,11,23,65,138,65
630,23-03-2022,9,16,58,115,58
631,26-03-2022,10,17,63,125,63
632,30-03-2022,8,16,53,117,53
633,02-04-2022,8,15,51,110,51
634,06-04-2022,9,18,53,118,53
635,09-04-2022,9,17,49,106,49
636,13-04-2022,8,17,52,101,52
637,16-04-2022,10,19,59,115,59
638,20-04-2022,11,17,57,115,57
639,23-04-2022,11,19,59,122,59
640,27-04-2022,9,17,51,105,51
641,30-04-2022,10,18,57,108,57
642,04-05-2022,11,17,40,101,40
643,07-05-2022,12,18,56,123,56
644,11-05-2022,12,17,53,112,53
645,14-05-2022,9,15,44,97,44
646,18-05-2022,10,16,56,105,56
647,21-05-2022,8,14,49,94,49
648,25-05-2022,12,17,56,111,56
649,28-05-2022,12,18,48,99,48
650,01-06-2022,9,16,51,94,51
651,04-06-2022,8,13,45,81,45
652,08-06-2022,8,13,49,88,49
653,11-06-2022,9,14,53,99,53
654,15-06-2022,8,15,47,86,47
655,18-06-2022,9,17,50,93,50
656,22-06-2022,7,13,42,74,42
657,25-06-2022,7,14,41,73,41
658,29-06-2022,5,12,41,74,41
659,20-07-2022,7,12,31,64,31
660,23-07-2022,6,11,34,65,34
661,27-07-2022,7,11,44,81,44
662,30-07-2022,6,10,41,76,41
663,03-08-2022,7,11,42,79,42
664,10-08-2022,7,13,44,78,44
665,17-08-2022,7,10,35,66,35
666,20-08-2022,8,11,46,85,46
667,24-08-2022,9,15,49,92,49
668,27-08-2022,6,13,36,68,36
669,31-08-2022,9,17,48,85,48
670,03-09-2022,7,16,49,94,49
671,07-09-2022,8,12,46,86,46
672,14-09-2022,8,13,38,74,38
673,17-09-2022,9,14,44,90,44
674,21-09-2022,8,13,43,65,43
675,24-09-2022,9,14,47,76,47
676,28-09-2022,9,14,51,89,51
677,01-10-2022,8,12,42,76,42
678,05-10-2022,6,11,41,80,41
679,08-10-2022,7,12,45,88,45
680,12-10-2022,6,13,29,56,29
681,15-10-2022,7,13,46,89,46
682,19-10-2022,6,9,36,68,36
683,22-10-2022,8,12,52,88,52
684,26-10-2022,8,14,51,103,51
685,29-10-2022,6,13,51,97,51
686,02-11-2022,9,12,47,104,47
687,05-11-2022,10,13,51,113,51
688,09-11-2022,10,15,46,99,46
689,12-11-2022,9,13,43,91,43
690,16-11-2022,9,14,42,85,42
691,19-11-2022,8,13,38,78,38
692,23-11-2022,11,17,52,101,52
693,26-11-2022,10,16,49,90,49
694,30-11-2022,10,15,49,95,49
695,03-12-2022,11,16,51,102,51
696,07-12-2022,9,16,53,112,53
697,10-12-2022,9,17,56,119,56
698,14-12-2022,10,13,44,92,44
699,17-12-2022,11,15,44,97,44
700,21-12-2022,10,14,45,108,45
701,24-12-2022,11,15,50,117,50
702,28-12-2022,12,16,53,121,53
703,31-12-2022,13,17,56,126,56
704,04-01-2023,10,13,47,98,47
705,07-01-2023,10,14,51,106,51
706,11-01-2023,9,13,50,113,50
707,14-01-2023,10,14,54,122,54
708,18-01-2023,11,15,56,109,56
709,21-01-2023,11,16,58,119,58
710,25-01-2023,11,16,60,115,60
711,28-01-2023,11,15,55,105,55
712,01-02-2023,10,13,53,98,53
713,04-02-2023,11,15,56,113,56
714,08-02-2023,10,14,51,106,51
715,11-02-2023,11,16,56,116,56
716,15-02-2023,9,13,46,99,46
717,18-02-2023,11,15,49,108,49
718,22-02-2023,9,14,53,110,53
719,25-02-2023,11,16,58,122,58
720,01-03-2023,11,15,60,124,60
721,04-03-2023,9,14,47,102,47
722,08-03-2023,9,14,44,98,44
723,11-03-2023,10,15,49,107,49
724,15-03-2023,11,16,56,116,56
725,18-03-2023,10,14,51,106,51
726,22-03-2023,10,15,55,111,55
727,25-03-2023,11,17,58,121,58
728,29-03-2023,12,17,62,126,62
729,19-06-2015,19,30,98,228,98
730,23-06-2015,16,26,90,240,90
731,26-06-2015,17,30,98,294,98
732,30-06-2015,18,34,105,328,103
733,03-07-2015,21,35,109,358,106
734,07-07-2015,22,40,114,383,109
735,10-07-2015,21,32,107,362,105
736,14-07-2015,22,38,119,400,113
737,17-07-2015,19,39,113,364,109
738,21-07-2015,17,31,94,311,94
739,24-07-2015,16,29,91,283,91
740,28-07-2015,15,27,83,252,83
741,31-07-2015,13,25,79,234,79
742,04-08-2015,14,28,82,255,82
743,07-08-2015,14,29,85,267,85
744,11-08-2015,15,31,90,281,90
745,14-08-2015,16,33,93,292,93
746,18-08-2015,17,36,97,315,97
747,21-08-2015,18,38,99,331,99
748,25-08-2015,18,39,101,333,101
749,28-08-2015,19,41,105,345,103
750,01-09-2015,19,44,106,358,104
751,04-09-2015,20,46,110,344,107
752,08-09-2015,21,48,113,381,109
753,11-09-2015,23,56,119,417,113
754,15-09-2015,21,51,119,397,113
755,18-09-2015,22,53,123,410,115
756,22-09-2015,23,55,127,431,118
757,25-09-2015,24,59,131,451,121
758,29-09-2015,25,57,106,382,104
759,02-10-2015,22,50,105,382,103
760,06-10-2015,25,60,117,425,111
761,09-10-2015,27,69,130,483,120
762,13-10-2015,23,57,109,394,106
763,16-10-2015,24,61,112,423,108
764,20-10-2015,25,59,110,418,107
765,23-10-2015,26,64,114,444,109
766,27-10-2015,26,70,120,464,113
767,30-10-2015,27,74,124,488,116
768,03-11-2015,26,68,122,473,115
769,06-11-2015,30,87,138,592,125
770,17-11-2015,23,49,108,381,105
771,20-11-2015,22,45,108,369,105
772,24-11-2015,23,47,110,376,107
773,27-11-2015,23,48,115,387,110
774,01-12-2015,24,50,113,392,109
775,04-12-2015,24,52,117,407,111
776,08-12-2015,26,57,122,414,115
777,11-12-2015,28,60,126,494,117
778,15-12-2015,28,61,119,433,113
779,18-12-2015,29,63,122,445,115
780,22-12-2015,30,67,125,458,117
781,25-12-2015,31,69,129,469,119
782,29-12-2015,32,70,131,444,121
783,01-01-2016,33,73,135,467,123
784,05-01-2016,34,79,138,481,125
785,08-01-2016,35,80,142,499,128
786,12-01-2016,37,84,146,518,131
787,15-01-2016,38,85,150,541,133
788,19-01-2016,38,71,158,583,139
789,22-01-2016,39,66,152,549,135
790,26-01-2016,36,63,144,483,129
791,29-01-2016,34,59,135,453,123
792,02-02-2016,34,63,138,478,125
793,05-02-2016,33,66,142,503,128
794,09-02-2016,34,64,137,482,125
795,12-02-2016,33,61,128,455,119
796,16-02-2016,25,52,135,485,123
797,19-02-2016,26,53,142,506,128
798,23-02-2016,27,56,142,526,128
799,26-02-2016,27,58,147,556,131
800,01-03-2016,27,61,147,545,131
801,04-03-2016,24,50,122,462,115
802,08-03-2016,23,50,116,419,111
803,11-03-2016,23,51,122,415,115
804,15-03-2016,23,46,117,565,111
805,18-03-2016,23,48,122,547,115
806,22-03-2016,24,50,128,609,119
807,25-03-2016,25,51,129,628,119
808,29-03-2016,25,54,137,656,125
809,01-04-2016,26,57,143,683,129
810,05-04-2016,24,47,131,576,121
811,08-04-2016,24,49,138,612,125
812,12-04-2016,25,49,145,638,130
813,15-04-2016,26,51,149,669,133
814,19-04-2016,27,55,157,727,138
815,22-04-2016,28,57,163,751,142
816,26-04-2016,29,58,115,546,110
817,29-04-2016,30,60,121,619,114
818,03-06-2016,19,35,88,349,88
819,07-06-2016,22,39,85,352,85
820,10-06-2016,22,37,79,325,79
821,14-06-2016,25,48,102,440,101
822,17-06-2016,28,53,108,492,105
823,21-06-2016,29,51,113,496,109
824,24-06-2016,30,55,117,529,111
825,28-06-2016,18,35,83,256,83
826,01-07-2016,16,29,79,242,79
827,05-07-2016,14,25,75,219,75
828,08-07-2016,12,23,71,196,71
829,15-07-2016,15,29,83,250,83
830,19-07-2016,16,31,77,219,77
831,22-07-2016,17,35,81,250,81
832,26-07-2016,20,36,81,265,81
833,29-07-2016,22,37,88,314,88
834,09-08-2016,21,38,90,334,90
835,12-08-2016,22,40,94,346,94
836,16-08-2016,21,38,96,359,96
837,19-08-2016,23,41,100,403,100
838,23-08-2016,24,52,101,429,101
839,26-08-2016,21,46,92,365,92
840,30-08-2016,24,44,99,394,99
841,02-09-2016,25,45,102,416,101
842,06-09-2016,26,47,107,446,105
843,09-09-2016,27,50,110,463,107
844,13-09-2016,28,53,115,502,110
845,16-09-2016,25,46,96,392,96
846,20-09-2016,24,44,94,347,94
847,23-09-2016,24,46,97,384,97
848,27-09-2016,25,47,100,397,100
849,30-09-2016,27,49,103,410,102
850,04-10-2016,28,50,108,447,105
851,07-10-2016,30,52,112,473,108
852,11-10-2016,22,40,106,383,104
853,14-10-2016,26,47,110,415,107
854,18-10-2016,27,48,113,437,109
855,21-10-2016,28,49,118,463,112
856,25-10-2016,30,52,122,493,115
857,28-10-2016,35,60,131,548,121
858,01-11-2016,25,39,102,405,101
859,04-11-2016,25,39,99,406,99
860,08-11-2016,24,41,94,378,94
861,11-11-2016,26,44,101,419,101
862,15-11-2016,28,43,100,390,100
863,18-11-2016,27,44,105,447,103
864,22-11-2016,29,46,109,506,106
865,25-11-2016,30,48,115,540,110
866,29-11-2016,32,50,119,589,113
867,02-12-2016,33,52,124,642,116
868,06-12-2016,36,67,128,671,119
869,09-12-2016,37,69,132,697,121
870,13-12-2016,38,72,137,766,125
871,16-12-2016,39,72,142,775,128
872,20-12-2016,39,76,146,791,131
873,23-12-2016,40,78,149,857,133
874,27-12-2016,41,79,154,800,136
875,30-12-2016,42,81,160,837,140
876,03-01-2017,32,52,144,782,129
877,06-01-2017,32,51,146,785,131
878,10-01-2017,40,72,153,771,135
879,13-01-2017,39,72,150,762,133
880,17-01-2017,38,73,139,732,126
881,20-01-2017,37,72,134,724,123
882,24-01-2017,38,74,146,760,131
883,31-01-2017,39,77,149,771,133
884,03-02-2017,36,72,141,728,127
885,07-02-2017,34,67,136,700,124
886,10-02-2017,34,69,140,710,127
887,14-02-2017,32,64,131,680,121
888,17-02-2017,33,65,137,696,125
889,21-02-2017,32,64,140,709,127
890,24-02-2017,33,66,146,730,131
891,28-02-2017,35,67,155,750,137
892,03-03-2017,35,68,154,753,136
893,07-03-2017,36,69,156,763,137
894,10-03-2017,37,71,160,771,140
895,14-03-2017,35,67,151,747,134
896,17-03-2017,33,64,140,703,127
897,21-03-2017,30,60,140,671,127
898,24-03-2017,31,62,143,688,129
899,28-03-2017,32,64,148,709,132
900,31-03-2017,33,66,151,719,134
901,04-04-2017,31,63,146,701,131
902,07-04-2017,32,64,151,714,134
903,11-04-2017,34,67,163,742,142
904,14-04-2017,33,65,155,726,137
905,18-04-2017,32,62,143,679,129
906,21-04-2017,33,65,151,697,134
907,25-04-2017,33,65,144,655,129
908,28-04-2017,35,70,154,690,136
909,02-05-2017,32,62,137,647,125
910,05-05-2017,28,54,117,490,111
911,09-05-2017,27,48,118,458,112
912,12-05-2017,26,46,117,445,111
913,16-05-2017,31,57,97,501,97
914,19-05-2017,32,60,103,517,102
915,23-05-2017,34,62,131,551,121
916,26-05-2017,36,67,147,594,131
917,30-05-2017,28,49,115,479,110
918,02-06-2017,30,56,123,469,115
919,06-06-2017,27,48,108,443,105
920,09-06-2017,23,43,93,322,93
921,13-06-2017,23,38,101,372,101
922,16-06-2017,23,39,114,343,109
923,20-06-2017,25,42,107,388,105
924,23-06-2017,25,48,114,402,109
925,27-06-2017,20,37,86,189,86
926,30-06-2017,21,39,91,198,91
927,04-07-2017,20,37,78,157,78
928,07-07-2017,23,38,87,164,87
929,11-07-2017,21,39,75,149,75
930,14-07-2017,19,35,71,135,71
931,18-07-2017,15,26,73,146,73
932,21-07-2017,19,25,60,119,60
933,25-07-2017,18,29,65,138,65
934,28-07-2017,19,32,69,148,69
935,01-09-2017,20,31,72,131,72
936,05-09-2017,19,28,110,315,107
937,08-09-2017,19,21,116,261,111
938,12-09-2017,27,35,131,291,121
939,15-09-2017,20,27,105,235,103
940,19-09-2017,19,27,109,200,106
941,22-09-2017,21,29,95,192,95
942,26-09-2017,17,25,86,187,86
943,29-09-2017,18,27,98,192,98
944,03-10-2017,22,32,97,209,97
945,06-10-2017,20,27,89,186,89
946,10-10-2017,20,25,83,182,83
947,13-10-2017,23,31,114,247,109
948,17-10-2017,35,54,136,381,124
949,20-10-2017,33,44,119,340,113
950,24-10-2017,30,41,109,249,106
951,27-10-2017,26,35,99,222,99
952,31-10-2017,28,36,106,268,104
953,03-11-2017,30,38,115,296,110
954,07-11-2017,26,39,101,319,101
955,10-11-2017,27,41,106,344,104
956,14-11-2017,25,39,102,328,101
957,17-11-2017,23,36,95,311,95
958,21-11-2017,26,41,116,330,111
959,24-11-2017,28,45,119,402,113
960,28-11-2017,27,41,122,453,115
961,01-12-2017,28,45,127,495,118
962,05-12-2017,22,36,96,356,96
963,08-12-2017,30,45,109,435,106
964,12-12-2017,32,47,126,511,117
965,15-12-2017,34,60,135,552,123
966,19-12-2017,35,68,140,611,127
967,22-12-2017,39,75,155,752,137
968,26-12-2017,39,76,156,772,137
969,29-12-2017,40,78,159,794,139
970,02-01-2018,42,81,162,806,141
971,05-01-2018,40,77,156,743,137
972,09-01-2018,37,73,147,707,131
973,12-01-2018,36,70,140,680,127
974,16-01-2018,37,71,146,696,131
975,19-01-2018,35,65,136,620,124
976,23-01-2018,36,68,141,656,127
977,26-01-2018,39,72,147,704,131
978,30-01-2018,35,63,143,599,129
979,02-02-2018,34,59,133,542,122
980,06-02-2018,36,64,140,580,127
981,09-02-2018,33,59,134,519,123
982,13-02-2018,32,54,119,437,113
983,16-02-2018,30,48,112,408,108
984,20-02-2018,32,53,119,431,113
985,23-02-2018,30,48,110,399,107
986,27-02-2018,26,48,109,386,106
987,02-03-2018,27,50,119,413,113
988,06-03-2018,23,44,103,367,102
989,09-03-2018,24,45,108,378,105
990,13-03-2018,24,43,110,412,107
991,16-03-2018,20,38,97,355,97
992,20-03-2018,24,49,120,468,113
993,23-03-2018,25,51,126,492,117
994,27-03-2018,26,54,130,538,120
995,30-03-2018,27,55,138,556,125
996,03-04-2018,26,48,110,526,107
997,06-04-2018,24,43,104,492,103
998,10-04-2018,25,45,114,472,109
999,13-04-2018,25,46,120,497,113
1000,17-04-2018,25,49,130,530,120
1001,20-04-2018,27,53,138,569,125
1002,24-04-2018,27,55,124,517,116
1003,27-04-2018,29,58,131,543,121
1004,01-05-2018,30,60,133,556,122
1005,04-05-2018,30,61,139,591,126
1006,08-05-2018,31,63,124,525,116
1007,11-05-2018,31,56,111,506,107
1008,15-05-2018,28,46,109,434,106
1009,18-05-2018,26,41,103,402,102
1010,22-05-2018,25,43,101,367,101
1011,25-05-2018,23,41,97,346,97
1012,29-05-2018,23,38,93,330,93
1013,01-06-2018,22,37,91,318,91
1014,05-06-2018,21,35,90,293,90
1015,08-06-2018,19,31,88,258,88
1016,12-06-2018,21,27,79,243,79
1017,15-06-2018,22,31,87,263,87
1018,19-06-2018,20,28,78,234,78
1019,22-06-2018,22,29,86,292,86
1020,26-06-2018,22,28,84,205,84
1021,29-06-2018,23,30,91,247,91
1022,03-07-2018,15,20,91,207,91
1023,06-07-2018,19,24,99,252,99
1024,10-07-2018,18,24,83,220,83
1025,20-07-2018,21,29,96,229,96
1026,24-07-2018,23,31,100,274,100
1027,27-07-2018,25,32,104,290,103
1028,31-07-2018,27,35,109,306,106
1029,03-08-2018,28,35,113,326,109
1030,07-08-2018,19,21,91,249,91
1031,10-08-2018,20,23,98,266,98
1032,14-08-2018,22,34,99,307,99
1033,17-08-2018,20,31,97,273,97
1034,21-08-2018,23,39,105,345,103
1035,24-08-2018,22,34,99,294,99
1036,28-08-2018,25,39,107,329,105
1037,31-08-2018,23,34,103,300,102
1038,04-09-2018,24,42,102,431,101
1039,07-09-2018,25,43,106,453,104
1040,11-09-2018,27,47,114,496,109
1041,14-09-2018,28,49,117,519,111
1042,18-09-2018,27,50,110,515,107
1043,21-09-2018,25,44,103,436,102
1044,25-09-2018,24,42,104,519,103
1045,28-09-2018,21,33,89,402,89
1046,02-10-2018,21,42,102,462,101
1047,05-10-2018,24,42,105,480,103
1048,09-10-2018,27,51,113,531,109
1049,12-10-2018,26,48,107,495,105
1050,16-10-2018,30,57,111,626,107
1051,19-10-2018,28,51,111,528,107
1052,23-10-2018,22,46,103,441,102
1053,26-10-2018,23,50,108,461,105
1054,30-10-2018,23,44,109,486,106
1055,02-11-2018,24,46,110,457,107
1056,06-11-2018,21,32,93,303,93
1057,09-11-2018,28,43,108,381,105
1058,13-11-2018,28,43,117,449,111
1059,16-11-2018,32,49,127,554,118
1060,20-11-2018,27,45,108,429,105
1061,23-11-2018,28,48,112,443,108
1062,27-11-2018,27,48,115,390,110
1063,30-11-2018,28,50,118,406,112
1064,04-12-2018,31,57,122,601,115
1065,07-12-2018,32,59,127,652,118
1066,11-12-2018,32,61,129,654,119
1067,14-12-2018,33,63,131,681,121
1068,18-12-2018,34,67,134,680,123
1069,21-12-2018,35,70,138,720,125
1070,25-12-2018,37,73,142,763,128
1071,28-12-2018,38,76,146,799,131
1072,31-12-2018,39,78,147,794,131
1073,03-01-2019,40,79,151,797,134
1074,07-01-2019,41,80,156,745,137
1075,10-01-2019,41,82,158,790,139
1076,14-01-2019,34,72,133,618,122
1077,17-01-2019,35,74,137,637,125
1078,21-01-2019,37,76,138,620,125
1079,24-01-2019,38,77,143,648,129
1080,28-01-2019,36,72,135,599,123
1081,31-01-2019,34,69,131,581,121
1082,04-02-2019,36,64,143,483,129
1083,07-02-2019,34,61,135,456,123
1084,11-02-2019,36,64,140,493,127
1085,14-02-2019,37,65,144,519,129
1086,18-02-2019,34,56,131,465,121
1087,21-02-2019,35,57,136,487,124
1088,25-02-2019,32,53,124,447,116
1089,28-02-2019,33,54,127,465,118
1090,04-03-2019,24,55,144,508,129
1091,07-03-2019,25,57,149,527,133
1092,11-03-2019,24,55,137,519,125
1093,14-03-2019,26,55,144,542,129
1094,18-03-2019,25,55,135,538,123
1095,21-03-2019,26,58,142,559,128
1096,25-03-2019,27,57,142,567,128
1097,28-03-2019,28,59,147,588,131
1098,01-04-2019,26,54,136,453,124
1099,04-04-2019,25,51,128,443,119
1100,08-04-2019,26,50,135,453,123
1101,11-04-2019,25,48,128,432,119
1102,15-04-2019,25,47,138,474,125
1103,18-04-2019,26,49,144,497,129
1104,22-04-2019,28,56,140,595,127
1105,25-04-2019,29,58,149,624,133
1106,29-04-2019,29,58,144,541,129
1107,02-05-2019,28,55,138,524,125
1108,06-05-2019,31,63,144,548,129
1109,09-05-2019,32,65,151,581,134
1110,13-05-2019,30,55,143,613,129
1111,16-05-2019,29,51,137,590,125
1112,20-05-2019,27,51,124,553,116
1113,23-05-2019,28,53,129,571,119
1114,27-05-2019,27,50,120,489,113
1115,30-05-2019,27,48,115,460,110
1116,03-06-2019,25,43,107,390,105
1117,06-06-2019,23,40,101,351,101
1118,10-06-2019,23,40,103,315,102
1119,13-06-2019,25,41,115,302,110
1120,17-06-2019,23,36,108,313,105
1121,20-06-2019,22,35,101,295,101
1122,24-06-2019,26,42,98,331,98
1123,27-06-2019,23,39,93,299,93
1124,01-07-2019,25,44,107,231,105
1125,04-07-2019,19,31,88,187,88
1126,08-07-2019,22,37,95,258,95
1127,15-07-2019,20,31,86,228,86
1128,18-07-2019,19,28,84,206,84
1129,22-07-2019,20,30,84,199,84
1130,25-07-2019,21,31,90,216,90
1131,15-08-2019,23,32,98,268,98
1132,19-08-2019,22,34,92,299,92
1133,22-08-2019,22,36,97,320,97
1134,26-08-2019,22,37,103,349,102
1135,29-08-2019,27,47,113,444,109
1136,02-09-2019,25,40,103,402,102
1137,05-09-2019,28,42,108,424,105
1138,09-09-2019,25,38,121,342,114
1139,12-09-2019,26,38,126,353,117
1140,16-09-2019,29,49,133,363,122
1141,19-09-2019,30,50,139,394,126
1142,23-09-2019,25,40,118,348,112
1143,26-09-2019,27,41,122,365,115
1144,30-09-2019,29,45,117,383,111
1145,03-10-2019,32,54,134,493,123
1146,07-10-2019,29,46,119,353,113
1147,10-10-2019,31,49,119,352,113
1148,14-10-2019,30,50,130,402,120
1149,17-10-2019,28,48,123,380,115
1150,21-10-2019,28,44,113,371,109
1151,24-10-2019,29,47,116,390,111
1152,28-10-2019,34,56,147,452,131
1153,31-10-2019,27,45,121,363,114
1154,04-11-2019,27,45,105,428,103
1155,07-11-2019,27,46,110,451,107
1156,11-11-2019,28,45,104,456,103
1157,14-11-2019,29,47,113,479,109
1158,21-11-2019,27,46,113,442,109
1159,25-11-2019,30,48,117,522,111
1160,28-11-2019,31,50,122,544,115
1161,02-12-2019,32,58,121,556,114
1162,05-12-2019,33,60,127,584,118
1163,09-12-2019,34,67,134,647,123
1164,12-12-2019,35,68,138,628,125
1165,16-12-2019,36,73,143,683,129
1166,19-12-2019,37,74,149,709,133
1167,23-12-2019,37,77,147,667,131
1168,26-12-2019,37,79,151,681,134
1169,30-12-2019,37,79,142,741,128
1170,02-01-2020,40,81,149,767,133
1171,06-01-2020,37,83,153,637,135
1172,09-01-2020,36,79,149,594,133
1173,13-01-2020,37,82,156,603,137
1174,16-01-2020,37,78,143,537,129
1175,20-01-2020,35,74,141,549,127
1176,23-01-2020,36,75,147,526,131
1177,27-01-2020,33,66,136,463,124
1178,30-01-2020,34,67,142,490,128
1179,03-02-2020,31,64,140,476,127
1180,06-02-2020,32,65,145,492,130
1181,10-02-2020,34,68,149,530,133
1182,13-02-2020,29,64,144,499,129
1183,17-02-2020,28,62,137,490,125
1184,20-02-2020,29,63,142,510,128
1185,24-02-2020,30,64,139,517,126
1186,27-02-2020,31,65,144,536,129
1187,02-03-2020,29,62,140,539,127
1188,05-03-2020,27,57,134,513,123
1189,09-03-2020,30,61,153,584,135
1190,12-03-2020,26,50,130,487,120
1191,16-03-2020,27,47,131,526,121
1192,19-03-2020,25,44,126,484,117
1193,06-04-2020,18,30,72,182,72
1194,09-04-2020,19,32,78,197,78
1195,13-04-2020,19,33,81,234,81
1196,16-04-2020,20,34,87,244,87
1197,20-04-2020,18,29,79,185,79
1198,23-04-2020,20,30,83,197,83
1199,27-04-2020,21,34,85,205,85
1200,30-04-2020,19,32,79,183,79
1201,04-06-2020,16,24,80,199,80
1202,08-06-2020,16,24,83,251,83
1203,11-06-2020,18,25,87,274,87
1204,18-06-2020,18,25,74,216,74
1205,22-06-2020,18,28,84,277,84
1206,25-06-2020,19,28,88,299,88
1207,29-06-2020,21,31,93,292,93
1208,02-07-2020,19,27,83,260,83
1209,06-07-2020,16,24,78,213,78
1210,09-07-2020,19,25,83,226,83
1211,13-07-2020,17,23,85,191,85
1212,20-07-2020,15,21,81,191,81
1213,23-07-2020,16,22,86,208,86
1214,27-07-2020,11,20,76,174,76
1215,30-07-2020,12,21,80,191,80
1216,03-08-2020,11,13,64,135,64
1217,06-08-2020,15,18,82,174,82
1218,13-08-2020,14,20,83,173,83
1219,20-08-2020,14,19,85,165,85
1220,24-08-2020,13,16,71,134,71
1221,27-08-2020,15,19,80,158,80
1222,31-08-2020,15,22,89,180,89
1223,03-09-2020,18,23,92,193,92
1224,07-09-2020,19,22,84,183,84
1225,10-09-2020,20,25,89,197,89
1226,14-09-2020,20,27,93,193,93
1227,17-09-2020,19,23,86,179,86
1228,21-09-2020,17,22,81,195,81
1229,24-09-2020,18,23,84,207,84
1230,28-09-2020,19,27,97,226,97
1231,05-10-2020,22,28,92,265,92
1232,08-10-2020,24,29,99,285,99
1233,12-10-2020,22,34,88,215,88
1234,19-10-2020,23,31,96,237,96
1235,22-10-2020,24,33,103,258,102
1236,26-10-2020,24,32,97,274,97
1237,29-10-2020,27,35,108,297,105
1238,02-11-2020,22,33,110,319,107
1239,05-11-2020,24,34,116,344,111
1240,09-11-2020,22,32,94,349,94
1241,12-11-2020,30,39,128,415,119
1242,16-11-2020,34,51,144,484,129
1243,19-11-2020,23,36,109,420,106
1244,23-11-2020,22,33,119,457,113
1245,26-11-2020,21,31,114,440,109
1246,30-11-2020,22,35,101,449,101
1247,03-12-2020,23,38,110,472,107
1248,07-12-2020,26,42,109,493,106
1249,10-12-2020,28,44,114,518,109
1250,14-12-2020,28,45,115,508,110
1251,17-12-2020,30,45,121,535,114
1252,21-12-2020,32,47,122,549,115
1253,24-12-2020,33,48,127,570,118
1254,28-12-2020,35,51,124,572,116
1255,31-12-2020,36,52,131,598,121
1256,04-01-2021,32,49,130,592,120
1257,07-01-2021,28,45,121,483,114
1258,11-01-2021,36,55,130,581,120
1259,14-01-2021,38,59,135,599,123
1260,18-01-2021,36,64,138,587,125
1261,21-01-2021,37,65,141,606,127
1262,25-01-2021,39,69,141,622,127
1263,28-01-2021,41,72,147,677,131
1264,08-02-2021,33,66,134,524,123
1265,11-02-2021,35,69,142,558,128
1266,15-02-2021,32,63,137,508,125
1267,18-02-2021,35,76,144,590,129
1268,22-02-2021,29,57,131,449,121
1269,25-02-2021,30,58,138,467,125
1270,01-03-2021,28,44,138,452,125
1271,04-03-2021,29,45,146,477,131
1272,08-03-2021,24,44,138,491,125
1273,11-03-2021,25,45,143,521,129
1274,15-03-2021,29,47,151,512,134
1275,18-03-2021,27,43,135,456,123
1276,22-03-2021,31,52,150,532,133
1277,25-03-2021,29,49,140,495,127
1278,01-04-2021,29,51,141,497,127
1279,05-04-2021,24,40,115,442,110
1280,08-04-2021,25,42,119,453,113
1281,12-04-2021,23,43,115,432,110
1282,15-04-2021,22,35,99,380,99
1283,19-04-2021,19,33,98,274,98
1284,22-04-2021,18,31,94,265,94
1285,26-04-2021,18,30,88,192,88
1286,29-04-2021,20,34,96,219,96
1287,03-05-2021,20,29,93,210,93
1288,06-05-2021,19,28,88,198,88
1289,10-05-2021,21,29,96,215,96
1290,13-05-2021,22,30,99,224,99
1291,17-05-2021,13,22,67,128,67
1292,20-05-2021,14,25,71,144,71
1293,24-05-2021,22,28,99,217,99
1294,27-05-2021,21,27,94,203,94
1295,31-05-2021,22,31,98,212,98
1296,01-07-2021,17,27,96,196,96
1297,05-07-2021,17,29,89,201,89
1298,08-07-2021,16,27,85,190,85
1299,12-07-2021,9,12,54,97,54
1300,15-07-2021,16,21,73,144,73
1301,02-08-2021,18,23,88,160,88
1302,05-08-2021,15,20,73,138,73
1303,09-08-2021,16,21,78,151,78
1304,12-08-2021,17,24,85,167,85
1305,16-08-2021,20,28,95,215,95
1306,23-08-2021,18,24,91,190,91
1307,26-08-2021,20,25,95,204,95
1308,30-08-2021,17,24,88,170,88
1309,02-09-2021,18,25,95,190,95
1310,06-09-2021,20,32,102,192,101
1311,09-09-2021,17,28,85,173,85
1312,16-09-2021,19,27,109,202,106
1313,20-09-2021,20,28,106,224,104
1314,23-09-2021,20,29,110,238,107
1315,27-09-2021,19,27,105,217,103
1316,30-09-2021,18,26,101,205,101
1317,04-10-2021,19,26,99,194,99
1318,07-10-2021,21,29,113,243,109
1319,11-10-2021,22,32,110,244,107
1320,14-10-2021,23,33,115,256,110
1321,18-10-2021,24,39,111,282,107
1322,21-10-2021,25,41,117,297,111
1323,25-10-2021,28,43,108,276,105
1324,28-10-2021,29,44,117,297,111
1325,01-11-2021,31,49,135,330,123
1326,04-11-2021,41,77,151,457,134
1327,08-11-2021,33,51,133,386,122
1328,11-11-2021,36,53,140,399,127
1329,15-11-2021,25,46,109,337,106
1330,18-11-2021,27,50,116,354,111
1331,22-11-2021,26,44,110,313,107
1332,25-11-2021,28,47,121,336,114
1333,29-11-2021,26,45,114,239,109
1334,06-12-2021,17,37,110,257,107
1335,09-12-2021,19,38,115,274,110
1336,13-12-2021,20,44,120,263,113
1337,16-12-2021,18,40,114,243,109
1338,20-12-2021,17,39,139,285,126
1339,23-12-2021,20,41,147,302,131
1340,27-12-2021,20,44,129,282,119
1341,30-12-2021,22,45,138,302,125
1342,03-01-2022,19,42,133,285,122
1343,06-01-2022,21,44,150,313,133
1344,10-01-2022,21,41,142,292,128
1345,13-01-2022,20,39,131,275,121
1346,17-01-2022,19,41,135,255,123
1347,20-01-2022,18,39,128,240,119
1348,24-01-2022,19,41,129,242,119
1349,27-01-2022,20,43,138,257,125
1350,31-01-2022,21,41,123,240,115
1351,03-02-2022,20,35,110,213,107
1352,07-02-2022,19,42,130,260,120
1353,10-02-2022,18,36,124,240,116
1354,14-02-2022,20,43,123,235,115
1355,17-02-2022,19,38,118,224,112
1356,21-02-2022,22,44,135,272,123
1357,24-02-2022,20,38,128,248,119
1358,28-02-2022,20,38,133,276,122
1359,03-03-2022,20,37,128,263,119
1360,07-03-2022,21,41,134,282,123
1361,10-03-2022,20,39,127,256,118
1362,14-03-2022,23,45,124,259,116
1363,17-03-2022,21,40,121,247,114
1364,21-03-2022,20,42,118,232,112
1365,24-03-2022,21,44,128,247,119
1366,28-03-2022,22,45,126,263,117
1367,31-03-2022,19,40,117,253,111
1368,04-04-2022,19,44,122,240,115
1369,07-04-2022,22,44,129,242,119
1370,11-04-2022,23,43,131,257,121
1371,14-04-2022,22,47,148,268,132
1372,18-04-2022,21,43,128,238,119
1373,21-04-2022,22,44,133,253,122
1374,25-04-2022,22,43,126,257,117
1375,28-04-2022,27,57,154,313,136
1376,02-05-2022,22,40,138,258,125
1377,05-05-2022,22,38,130,240,120
1378,09-05-2022,23,41,136,253,124
1379,12-05-2022,24,47,149,286,133
1380,16-05-2022,21,43,134,273,123
1381,19-05-2022,22,42,108,229,105
1382,23-05-2022,18,37,127,223,118
1383,26-05-2022,20,40,133,247,122
1384,30-05-2022,22,42,117,231,111
1385,03-06-2022,28,58,158,302,139
1386,06-06-2022,20,37,115,231,110
1387,09-06-2022,22,39,122,253,115
1388,13-06-2022,20,37,119,247,113
1389,16-06-2022,19,35,110,229,107
1390,20-06-2022,18,34,109,209,106
1391,23-06-2022,19,35,120,222,113
1392,27-06-2022,17,34,99,185,99
1393,30-06-2022,18,35,77,148,77
1394,18-07-2022,13,19,65,117,65
1395,21-07-2022,15,23,79,148,79
1396,25-07-2022,17,21,68,120,68
1397,28-07-2022,17,24,78,158,78
1398,04-08-2022,17,22,83,140,83
1399,07-08-2022,18,23,85,153,85
1400,14-08-2022,15,20,78,135,78
1401,18-08-2022,19,27,88,150,88
1402,22-08-2022,19,24,90,191,90
1403,25-08-2022,18,31,92,177,92
1404,28-08-2022,19,32,100,203,100
1405,29-08-2022,20,37,94,196,94
1406,01-09-2022,22,44,104,219,103
1407,05-09-2022,17,31,84,149,84
1408,08-09-2022,19,37,97,212,97
1409,15-09-2022,20,34,101,208,101
1410,19-09-2022,18,37,101,189,101
1411,22-09-2022,20,41,108,218,105
1412,26-09-2022,20,40,117,252,111
1413,29-09-2022,21,41,122,266,115
1414,03-10-2022,16,33,113,209,109
1415,06-10-2022,19,36,119,222,113
1416,10-10-2022,19,39,135,244,123
1417,13-10-2022,18,38,125,228,117
1418,17-10-2022,16,31,94,173,94
1419,20-10-2022,20,35,113,219,109
1420,24-10-2022,27,48,145,294,130
1421,27-10-2022,18,37,119,219,113
1422,31-10-2022,20,42,127,240,118
1423,03-11-2022,20,37,118,231,112
1424,07-11-2022,20,42,127,241,118
1425,10-11-2022,22,46,141,278,127
1426,15-11-2022,19,38,124,224,116
1427,17-11-2022,20,39,128,235,119
1428,21-11-2022,19,38,119,226,113
1429,24-11-2022,22,41,133,259,122
1430,28-11-2022,19,35,117,224,111
1431,01-12-2022,20,37,122,248,115
1432,05-12-2022,23,42,123,263,115
1433,08-12-2022,23,43,128,277,119
1434,12-12-2022,19,40,112,247,108
1435,15-12-2022,22,42,140,290,127
1436,19-12-2022,24,46,140,299,127
1437,22-12-2022,25,47,144,313,129
1438,26-12-2022,24,49,137,308,125
1439,29-12-2022,25,51,144,322,129
1440,02-01-2023,21,42,122,239,115
1441,05-01-2023,22,43,127,252,118
1442,09-01-2023,23,43,132,265,121
1443,12-01-2023,24,44,136,274,124
1444,16-01-2023,28,50,138,273,125
1445,19-01-2023,29,51,142,285,128
1446,23-01-2023,29,50,141,278,127
1447,26-01-2023,26,47,128,257,119
1448,30-01-2023,25,50,135,285,123
1449,02-02-2023,22,43,127,249,118
1450,06-02-2023,23,43,124,238,116
1451,09-02-2023,21,45,133,262,122
1452,13-02-2023,19,41,122,226,115
1453,16-02-2023,21,43,128,247,119
1454,20-02-2023,23,47,135,260,123
1455,23-02-2023,21,43,130,249,120
1456,27-02-2023,22,47,136,269,124
1457,02-03-2023,19,38,126,254,117
1458,06-03-2023,21,42,131,270,121
1459,09-03-2023,22,45,135,285,123
1460,13-03-2023,22,43,129,272,119
1461,16-03-2023,23,45,142,292,128
1462,20-03-2023,21,43,122,274,115
1463,23-03-2023,22,44,128,290,119
1464,27-03-2023,23,48,141,302,127
1465,30-03-2023,24,49,145,315,130
1466,20-06-2015,10,16,75,197,75
1467,24-06-2015,11,20,83,210,83
1468,27-06-2015,13,23,91,242,91
1469,01-07-2015,14,26,97,257,97
1470,04-07-2015,15,28,102,290,101
1471,08-07-2015,17,30,103,321,102
1472,11-07-2015,15,29,100,297,100
1473,15-07-2015,18,33,107,340,105
1474,18-07-2015,17,29,100,305,100
1475,22-07-2015,15,24,84,242,84
1476,25-07-2015,13,21,76,224,76
1477,29-07-2015,11,20,67,201,67
1478,01-08-2015,10,19,61,186,61
1479,05-08-2015,11,21,69,211,69
1480,08-08-2015,11,22,71,190,71
1481,12-08-2015,12,23,74,231,74
1482,15-08-2015,12,25,80,249,80
1483,19-08-2015,13,27,87,269,87
1484,22-08-2015,14,28,92,292,92
1485,26-08-2015,14,30,94,292,94
1486,29-08-2015,15,32,97,309,97
1487,02-09-2015,16,33,99,317,99
1488,05-09-2015,16,34,102,328,101
1489,09-09-2015,17,35,105,337,103
1490,12-09-2015,17,36,108,314,105
1491,16-09-2015,18,39,110,365,107
1492,19-09-2015,21,49,93,322,93
1493,26-09-2015,21,49,93,322,93
1494,30-09-2015,21,45,99,348,99
1495,03-10-2015,18,36,97,349,97
1496,07-10-2015,22,45,104,359,103
1497,10-10-2015,22,47,110,374,107
1498,14-10-2015,19,40,97,327,97
1499,17-10-2015,20,42,99,339,99
1500,21-10-2015,21,44,103,349,102
1501,24-10-2015,23,46,107,391,105
1502,28-10-2015,25,50,107,376,105
1503,31-10-2015,26,52,111,396,107
1504,04-11-2015,26,70,113,446,109
1505,07-11-2015,25,61,113,409,109
1506,10-11-2015,29,61,122,444,115
1507,11-11-2015,28,59,116,422,111
1508,12-11-2015,30,67,130,492,120
1509,13-11-2015,27,55,109,398,106
1510,18-11-2015,18,39,99,303,99
1511,21-11-2015,17,36,95,288,95
1512,25-11-2015,18,39,100,303,100
1513,28-11-2015,19,40,103,310,102
1514,02-12-2015,19,41,103,320,102
1515,05-12-2015,20,43,107,334,105
1516,09-12-2015,21,46,107,341,105
1517,12-12-2015,22,46,110,351,107
1518,16-12-2015,22,49,106,357,104
1519,19-12-2015,22,52,110,369,107
1520,23-12-2015,24,53,148,415,132
1521,26-12-2015,24,55,117,393,111
1522,30-12-2015,25,56,105,333,103
1523,02-01-2016,26,58,110,348,107
1524,06-01-2016,27,62,114,366,109
1525,09-01-2016,28,64,117,386,111
1526,13-01-2016,28,70,121,410,114
1527,16-01-2016,30,72,125,431,117
1528,20-01-2016,29,59,128,449,119
1529,23-01-2016,30,56,134,488,123
1530,27-01-2016,28,53,121,369,114
1531,30-01-2016,27,50,116,345,111
1532,03-02-2016,28,48,117,350,111
1533,06-02-2016,30,50,121,372,114
1534,10-02-2016,28,45,113,342,109
1535,13-02-2016,27,43,105,327,103
1536,17-02-2016,20,40,110,356,107
1537,20-02-2016,21,41,117,381,111
1538,24-02-2016,21,44,117,390,111
1539,27-02-2016,22,46,122,405,115
1540,02-03-2016,20,42,108,378,105
1541,05-03-2016,20,39,101,347,101
1542,09-03-2016,19,37,99,323,99
1543,12-03-2016,18,35,95,306,95
1544,16-03-2016,19,36,98,317,98
1545,19-03-2016,19,37,103,334,102
1546,23-03-2016,20,39,101,349,101
1547,26-03-2016,21,42,108,367,105
1548,30-03-2016,22,43,112,415,108
1549,02-04-2016,23,46,119,463,113
1550,06-04-2016,21,41,109,467,106
1551,09-04-2016,21,38,108,443,105
1552,13-04-2016,28,40,113,470,109
1553,16-04-2016,22,42,117,503,111
1554,20-04-2016,23,43,124,535,116
1555,27-04-2016,24,45,101,448,101
1556,30-04-2016,25,47,105,525,103
1557,01-06-2016,16,27,78,266,78
1558,04-06-2016,14,24,71,240,71
1559,08-06-2016,16,25,67,242,67
1560,11-06-2016,16,24,63,229,63
1561,15-06-2016,17,30,84,301,84
1562,18-06-2016,20,36,96,368,96
1563,22-06-2016,21,37,104,392,103
1564,25-06-2016,22,40,119,435,113
1565,29-06-2016,14,24,71,204,71
1566,02-07-2016,12,20,67,185,67
1567,06-07-2016,9,18,63,171,63
1568,09-07-2016,9,16,60,167,60
1569,20-07-2016,11,21,71,192,71
1570,23-07-2016,12,21,72,198,72
1571,27-07-2016,14,26,77,225,77
1572,30-07-2016,14,28,81,248,81
1573,10-08-2016,14,27,73,236,73
1574,13-08-2016,17,32,83,179,83
1575,17-08-2016,18,33,85,294,85
1576,20-08-2016,19,33,90,334,90
1577,24-08-2016,17,33,82,299,82
1578,27-08-2016,18,35,86,324,86
1579,31-08-2016,20,34,92,345,92
1580,07-09-2016,19,35,91,332,91
1581,10-09-2016,21,38,99,408,99
1582,14-09-2016,25,36,106,444,104
1583,17-09-2016,24,35,96,402,96
1584,21-09-2016,20,30,79,321,79
1585,24-09-2016,19,28,73,284,73
1586,28-09-2016,18,26,76,172,76
1587,01-10-2016,20,32,88,278,88
1588,05-10-2016,22,35,95,334,95
1589,08-10-2016,24,37,99,364,99
1590,12-10-2016,20,33,91,301,91
1591,15-10-2016,19,30,83,231,83
1592,19-10-2016,21,34,90,317,90
1593,22-10-2016,22,34,94,346,94
1594,26-10-2016,24,40,101,382,101
1595,29-10-2016,31,48,113,496,109
1596,02-11-2016,20,30,119,472,113
1597,05-11-2016,18,28,84,317,84
1598,09-11-2016,18,33,85,344,85
1599,12-11-2016,21,35,90,371,90
1600,16-11-2016,21,34,94,395,94
1601,19-11-2016,22,35,97,411,97
1602,23-11-2016,22,36,99,438,99
1603,26-11-2016,23,38,100,474,100
1604,30-11-2016,24,39,103,497,102
1605,03-12-2016,25,41,108,526,105
1606,07-12-2016,28,52,112,554,108
1607,10-12-2016,29,54,116,580,111
1608,14-12-2016,30,52,117,574,111
1609,17-12-2016,30,53,120,594,113
1610,21-12-2016,31,57,124,619,116
1611,24-12-2016,32,58,128,637,119
1612,28-12-2016,32,59,128,594,119
1613,31-12-2016,33,60,135,621,123
1614,04-01-2017,25,38,123,582,115
1615,07-01-2017,26,38,127,590,118
1616,11-01-2017,32,55,133,605,122
1617,14-01-2017,33,56,136,620,124
1618,18-01-2017,32,49,114,527,109
1619,21-01-2017,31,48,108,503,105
1620,25-01-2017,32,51,116,535,111
1621,28-01-2017,31,49,114,523,109
1622,01-02-2017,33,53,119,550,113
1623,04-02-2017,31,49,112,524,108
1624,08-02-2017,28,44,109,500,106
1625,11-02-2017,27,44,106,489,104
1626,15-02-2017,26,41,98,466,98
1627,18-02-2017,26,43,102,478,101
1628,22-02-2017,25,40,95,452,95
1629,25-02-2017,27,41,96,458,96
1630,01-03-2017,27,43,100,468,100
1631,04-03-2017,27,43,102,478,101
1632,08-03-2017,28,45,106,492,104
1633,11-03-2017,29,47,109,503,106
1634,15-03-2017,27,45,101,467,101
1635,18-03-2017,27,44,97,448,97
1636,22-03-2017,26,43,100,451,100
1637,25-03-2017,26,44,104,461,103
1638,29-03-2017,25,42,100,444,100
1639,01-04-2017,26,45,108,460,105
1640,05-04-2017,24,43,105,451,103
1641,08-04-2017,25,46,114,476,109
1642,12-04-2017,26,47,111,493,107
1643,15-04-2017,27,49,119,514,113
1644,19-04-2017,25,45,106,470,104
1645,22-04-2017,27,51,115,521,110
1646,26-04-2017,23,43,101,429,101
1647,29-04-2017,26,50,110,478,107
1648,03-05-2017,22,42,100,458,100
1649,06-05-2017,21,41,94,385,94
1650,10-05-2017,21,39,90,358,90
1651,13-05-2017,18,32,86,308,86
1652,17-05-2017,19,37,94,322,94
1653,20-05-2017,21,38,101,338,101
1654,24-05-2017,20,35,94,326,94
1655,27-05-2017,23,39,100,342,100
1656,31-05-2017,15,25,53,115,53
1657,03-06-2017,20,39,92,328,92
1658,07-06-2017,19,35,86,295,86
1659,10-06-2017,16,27,58,192,58
1660,14-06-2017,18,27,75,283,75
1661,17-06-2017,19,29,81,304,81
1662,21-06-2017,17,32,77,265,77
1663,24-06-2017,16,29,71,240,71
1664,28-06-2017,16,31,67,127,67
1665,01-07-2017,16,32,76,143,76
1666,05-07-2017,16,28,58,115,58
1667,08-07-2017,17,30,63,131,63
1668,12-07-2017,20,36,77,144,77
1669,15-07-2017,17,31,60,117,60
1670,19-07-2017,13,20,52,75,52
1671,22-07-2017,12,18,38,67,38
1672,26-07-2017,13,20,52,93,52
1673,29-07-2017,15,27,58,104,58
1674,01-08-2017,21,37,78,162,78
1675,02-08-2017,17,27,60,106,60
1676,04-08-2017,19,32,71,143,71
1677,05-08-2017,15,21,54,96,54
1678,08-08-2017,20,34,76,146,76
1679,09-08-2017,16,25,60,112,60
1680,11-08-2017,22,37,78,157,78
1681,12-08-2017,17,27,65,120,65
1682,15-08-2017,28,40,92,199,92
1683,16-08-2017,18,28,69,126,69
1684,18-08-2017,26,37,88,183,88
1685,19-08-2017,19,31,75,138,75
1686,22-08-2017,22,36,94,164,94
1687,23-08-2017,17,27,65,110,65
1688,25-08-2017,20,33,81,141,81
1689,26-08-2017,17,26,64,103,64
1690,29-08-2017,18,28,69,124,69
1691,30-08-2017,15,21,50,94,50
1692,02-09-2017,16,29,60,109,60
1693,06-09-2017,12,14,94,263,94
1694,09-09-2017,12,14,76,149,76
1695,13-09-2017,16,22,74,131,74
1696,16-09-2017,12,15,59,103,59
1697,20-09-2017,14,19,72,111,72
1698,23-09-2017,17,21,70,106,70
1699,27-09-2017,14,19,84,146,84
1700,30-09-2017,15,20,76,136,76
1701,04-10-2017,16,20,75,147,75
1702,07-10-2017,15,18,67,129,67
1703,11-10-2017,16,19,73,127,73
1704,14-10-2017,14,17,66,112,66
1705,18-10-2017,26,39,110,250,107
1706,21-10-2017,24,33,100,206,100
1707,25-10-2017,24,30,90,178,90
1708,28-10-2017,19,25,83,159,83
1709,01-11-2017,25,33,113,247,109
1710,04-11-2017,20,25,94,219,94
1711,08-11-2017,17,28,87,239,87
1712,11-11-2017,19,31,92,254,92
1713,15-11-2017,18,30,91,251,91
1714,18-11-2017,16,27,85,230,85
1715,22-11-2017,21,28,97,276,97
1716,25-11-2017,22,31,103,324,102
1717,29-11-2017,23,33,101,347,101
1718,02-12-2017,24,36,106,364,104
1719,06-12-2017,17,22,74,160,74
1720,09-12-2017,20,31,90,281,90
1721,13-12-2017,23,36,103,369,102
1722,16-12-2017,26,48,107,418,105
1723,20-12-2017,28,53,120,481,113
1724,23-12-2017,30,60,132,566,121
1725,27-12-2017,31,60,133,577,122
1726,30-12-2017,32,63,136,586,124
1727,03-01-2018,31,64,129,575,119
1728,06-01-2018,33,66,133,592,122
1729,10-01-2018,30,63,126,535,117
1730,13-01-2018,29,61,119,506,113
1731,17-01-2018,30,63,130,515,120
1732,20-01-2018,28,57,124,465,116
1733,24-01-2018,31,59,128,494,119
1734,27-01-2018,34,63,132,513,121
1735,31-01-2018,34,63,132,513,121
1736,03-02-2018,27,50,110,393,107
1737,07-02-2018,29,55,127,420,118
1738,10-02-2018,27,52,117,390,111
1739,14-02-2018,26,46,106,365,104
1740,17-02-2018,24,41,101,330,101
1741,21-02-2018,25,44,102,349,101
1742,24-02-2018,23,40,97,328,97
1743,28-02-2018,22,37,92,313,92
1744,03-03-2018,23,38,103,358,102
1745,07-03-2018,20,35,97,339,97
1746,10-03-2018,21,36,100,355,100
1747,14-03-2018,19,35,90,325,90
1748,17-03-2018,18,30,86,305,86
1749,21-03-2018,19,37,94,334,94
1750,24-03-2018,20,42,98,368,98
1751,28-03-2018,21,42,103,385,102
1752,31-03-2018,22,44,108,405,105
1753,04-04-2018,21,40,99,367,99
1754,07-04-2018,19,36,94,348,94
1755,11-04-2018,20,38,101,353,101
1756,14-04-2018,20,39,107,376,105
1757,18-04-2018,22,43,112,410,108
1758,21-04-2018,23,46,115,438,110
1759,25-04-2018,24,47,96,431,96
1760,28-04-2018,25,48,102,451,101
1761,02-05-2018,26,49,108,473,105
1762,05-05-2018,27,49,113,495,109
1763,09-05-2018,25,46,97,418,97
1764,12-05-2018,20,34,82,279,82
1765,16-05-2018,22,36,85,359,85
1766,19-05-2018,22,32,81,301,81
1767,23-05-2018,19,30,80,285,80
1768,26-05-2018,19,28,76,268,76
1769,30-05-2018,18,27,74,257,74
1770,02-06-2018,18,26,71,238,71
1771,06-06-2018,17,25,67,235,67
1772,09-06-2018,17,25,67,231,67
1773,13-06-2018,16,22,73,211,73
1774,16-06-2018,16,20,68,197,68
1775,20-06-2018,15,20,67,199,67
1776,23-06-2018,16,22,72,218,72
1777,27-06-2018,16,22,69,194,69
1778,30-06-2018,16,23,73,206,73
1779,04-07-2018,13,18,64,192,64
1780,07-07-2018,14,21,67,206,67
1781,14-07-2018,12,21,65,177,65
1782,18-07-2018,14,22,75,176,75
1783,21-07-2018,15,23,78,193,78
1784,25-07-2018,15,24,82,205,82
1785,28-07-2018,17,25,88,243,88
1786,01-08-2018,19,25,91,259,91
1787,04-08-2018,20,26,94,273,94
1788,08-08-2018,14,20,85,217,85
1789,11-08-2018,14,19,84,214,84
1790,15-08-2018,16,22,83,228,83
1791,18-08-2018,18,29,88,221,88
1792,22-08-2018,20,27,84,269,84
1793,25-08-2018,18,25,76,240,76
1794,01-09-2018,19,27,69,245,69
1795,05-09-2018,20,33,88,273,88
1796,08-09-2018,20,35,91,294,91
1797,12-09-2018,21,32,91,413,91
1798,15-09-2018,21,34,95,429,95
1799,19-09-2018,20,33,85,331,85
1800,22-09-2018,21,34,92,351,92
1801,26-09-2018,20,29,83,313,83
1802,29-09-2018,19,28,82,290,82
1803,03-10-2018,21,30,83,374,83
1804,06-10-2018,21,31,90,399,90
1805,10-10-2018,21,33,89,376,89
1806,13-10-2018,19,31,81,352,81
1807,17-10-2018,21,30,83,330,83
1808,20-10-2018,22,32,88,351,88
1809,24-10-2018,20,38,90,361,90
1810,27-10-2018,21,39,92,374,92
1811,31-10-2018,17,24,82,276,82
1812,03-11-2018,18,26,83,292,83
1813,07-11-2018,30,38,123,398,115
1814,10-11-2018,20,30,73,278,73
1815,14-11-2018,25,37,97,390,97
1816,17-11-2018,26,37,98,429,98
1817,21-11-2018,21,35,82,349,82
1818,24-11-2018,21,36,85,360,85
1819,28-11-2018,22,40,99,338,99
1820,01-12-2018,23,43,103,354,102
1821,05-12-2018,25,46,105,424,103
1822,08-12-2018,26,47,110,444,107
1823,12-12-2018,28,51,110,510,107
1824,15-12-2018,29,52,115,542,110
1825,19-12-2018,29,58,117,551,111
1826,22-12-2018,29,60,121,590,114
1827,26-12-2018,31,61,122,605,115
1828,29-12-2018,31,63,125,630,117
1829,01-01-2019,28,56,115,534,110
1830,04-01-2019,31,63,121,622,114
1831,08-01-2019,32,63,128,640,119
1832,11-01-2019,33,64,131,651,121
1833,15-01-2019,29,58,122,549,115
1834,18-01-2019,30,60,126,578,117
1835,22-01-2019,28,56,119,515,113
1836,25-01-2019,30,59,122,539,115
1837,29-01-2019,28,55,116,508,111
1838,01-02-2019,30,56,119,528,113
1839,05-02-2019,28,54,121,379,114
1840,08-02-2019,27,51,117,349,111
1841,12-02-2019,28,52,124,410,116
1842,15-02-2019,29,53,129,431,119
1843,19-02-2019,26,44,113,402,109
1844,22-02-2019,27,45,116,422,111
1845,26-02-2019,24,42,112,365,108
1846,01-03-2019,25,43,117,382,111
1847,05-03-2019,20,42,101,368,101
1848,08-03-2019,20,43,104,384,103
1849,12-03-2019,21,44,105,344,103
1850,15-03-2019,21,46,111,365,107
1851,19-03-2019,23,45,109,356,106
1852,22-03-2019,23,46,113,374,109
1853,26-03-2019,22,48,114,397,109
1854,29-03-2019,23,49,120,417,113
1855,02-04-2019,21,40,106,339,104
1856,05-04-2019,21,41,110,356,107
1857,09-04-2019,22,43,114,373,109
1858,12-04-2019,22,44,116,392,111
1859,16-04-2019,22,43,120,414,113
1860,19-04-2019,23,44,124,436,116
1861,23-04-2019,24,48,124,445,116
1862,26-04-2019,25,49,129,465,119
1863,30-04-2019,26,47,119,412,113
1864,03-05-2019,26,48,124,436,116
1865,07-05-2019,25,45,13,447,56
1866,10-05-2019,25,46,117,462,111
1867,14-05-2019,24,43,110,438,107
1868,17-05-2019,23,41,106,420,104
1869,21-05-2019,24,42,103,411,102
1870,24-05-2019,23,39,99,386,99
1871,28-05-2019,22,38,95,371,95
1872,31-05-2019,22,36,92,349,92
1873,04-06-2019,21,35,92,296,92
1874,07-06-2019,20,32,85,263,85
1875,11-06-2019,19,29,90,246,90
1876,14-06-2019,18,27,85,219,85
1877,18-06-2019,20,27,87,233,87
1878,21-06-2019,18,26,83,217,83
1879,25-06-2019,20,28,65,202,65
1880,28-06-2019,18,24,84,241,84
1881,02-07-2019,18,25,80,180,80
1882,05-07-2019,17,23,76,171,76
1883,09-07-2019,14,20,68,144,68
1884,12-07-2019,15,21,72,154,72
1885,16-07-2019,13,19,63,149,63
1886,19-07-2019,14,19,66,160,66
1887,23-07-2019,12,16,59,121,59
1888,13-08-2019,14,19,68,151,68
1889,16-08-2019,16,21,70,166,70
1890,20-08-2019,15,20,77,221,77
1891,23-08-2019,16,21,82,242,82
1892,27-08-2019,16,29,85,284,85
1893,30-08-2019,18,30,89,298,89
1894,03-09-2019,21,29,72,315,72
1895,10-09-2019,20,26,85,249,85
1896,13-09-2019,21,27,89,265,89
1897,17-09-2019,22,35,85,265,85
1898,20-09-2019,23,36,92,298,92
1899,24-09-2019,19,35,79,221,79
1900,27-09-2019,17,32,82,233,82
1901,01-10-2019,20,28,81,296,81
1902,04-10-2019,20,29,85,314,85
1903,08-10-2019,19,29,82,271,82
1904,11-10-2019,20,31,88,292,88
1905,15-10-2019,20,30,88,287,88
1906,18-10-2019,21,31,92,302,92
1907,22-10-2019,24,35,94,361,94
1908,29-10-2019,26,42,94,276,94
1909,01-11-2019,26,43,98,340,98
1910,05-11-2019,23,37,96,376,96
1911,08-11-2019,23,38,99,392,99
1912,12-11-2019,22,35,88,378,88
1913,15-11-2019,25,38,92,405,92
1914,19-11-2019,22,37,90,385,90
1915,22-11-2019,23,38,94,399,94
1916,26-11-2019,25,37,99,431,99
1917,29-11-2019,26,38,101,449,101
1918,03-12-2019,23,45,97,398,97
1919,06-12-2019,24,47,101,420,101
1920,10-12-2019,27,50,106,446,104
1921,13-12-2019,28,51,110,463,107
1922,17-12-2019,29,54,115,504,110
1923,20-12-2019,30,56,119,522,113
1924,24-12-2019,31,59,120,516,113
1925,27-12-2019,32,60,123,533,115
1926,31-12-2019,32,62,124,551,116
1927,03-01-2020,28,59,117,521,111
1928,07-01-2020,29,70,126,423,117
1929,10-01-2020,29,71,131,449,121
1930,14-01-2020,28,64,115,439,110
1931,17-01-2020,30,65,123,474,115
1932,21-01-2020,28,60,117,431,111
1933,24-01-2020,29,61,123,453,115
1934,28-01-2020,27,56,122,410,115
1935,31-01-2020,26,54,15,389,68
1936,04-02-2020,28,56,115,401,110
1937,07-02-2020,29,58,122,433,115
1938,11-02-2020,25,51,122,399,115
1939,14-02-2020,25,52,127,430,118
1940,18-02-2020,25,52,105,399,103
1941,21-02-2020,25,53,109,415,106
1942,25-02-2020,26,53,103,380,102
1943,28-02-2020,27,54,108,415,105
1944,03-03-2020,23,47,108,377,105
1945,06-03-2020,24,48,111,390,107
1946,10-03-2020,22,46,103,362,102
1947,13-03-2020,22,47,108,381,105
1948,17-03-2020,21,38,101,365,101
1949,20-03-2020,20,37,97,340,97
1950,07-04-2020,14,27,57,143,57
1951,10-04-2020,13,24,51,123,51
1952,14-04-2020,16,24,66,138,66
1953,17-04-2020,16,24,69,149,69
1954,21-04-2020,15,22,65,144,65
1955,24-04-2020,14,20,62,133,62
1956,28-04-2020,13,19,62,133,62
1957,05-06-2020,13,21,63,169,63
1958,09-06-2020,13,21,67,198,67
1959,12-06-2020,13,22,71,211,71
1960,19-06-2020,14,22,60,160,60
1961,23-06-2020,15,23,65,228,65
1962,26-06-2020,16,25,70,243,70
1963,30-06-2020,16,26,77,251,77
1964,03-07-2020,14,22,71,172,71
1965,07-07-2020,14,21,60,108,60
1966,10-07-2020,12,18,57,133,57
1967,14-07-2020,14,20,63,149,63
1968,17-07-2020,13,19,52,131,52
1969,21-07-2020,13,18,64,155,64
1970,24-07-2020,13,18,54,146,54
1971,28-07-2020,10,15,55,139,55
1972,31-07-2020,10,15,58,147,58
1973,07-08-2020,13,14,60,124,60
1974,11-08-2020,12,18,70,153,70
1975,18-08-2020,9,15,47,92,47
1976,21-08-2020,12,16,67,138,67
1977,25-08-2020,13,15,63,133,63
1978,28-08-2020,12,14,58,117,58
1979,01-09-2020,14,19,71,153,71
1980,04-09-2020,13,17,65,134,65
1981,11-09-2020,12,18,72,136,72
1982,15-09-2020,13,17,62,131,62
1983,18-09-2020,14,18,65,141,65
1984,22-09-2020,13,19,63,151,63
1985,25-09-2020,12,17,60,140,60
1986,29-09-2020,15,18,73,160,73
1987,02-10-2020,14,19,68,149,68
1988,06-10-2020,16,23,78,195,78
1989,09-10-2020,17,25,83,210,83
1990,13-10-2020,13,21,76,160,76
1991,16-10-2020,15,23,83,174,83
1992,20-10-2020,14,23,79,177,79
1993,23-10-2020,15,25,83,189,83
1994,27-10-2020,17,24,85,184,85
1995,30-10-2020,18,26,92,197,92
1996,03-11-2020,19,26,94,254,94
1997,06-11-2020,20,26,101,269,101
1998,10-11-2020,22,32,90,373,90
1999,13-11-2020,28,34,115,369,110
2000,17-11-2020,24,34,107,351,105
2001,20-11-2020,17,28,92,364,92
2002,24-11-2020,17,25,83,364,83
2003,27-11-2020,18,26,88,381,88
2004,08-12-2020,20,34,90,380,90
2005,11-12-2020,21,35,94,399,94
2006,15-12-2020,22,36,94,396,94
2007,18-12-2020,23,37,101,419,101
2008,22-12-2020,24,38,104,437,103
2009,25-12-2020,26,40,109,455,106
2010,29-12-2020,28,41,112,467,108
2011,01-01-2021,29,41,114,480,109
2012,05-01-2021,19,33,85,339,85
2013,08-01-2021,19,34,88,354,88
2014,12-01-2021,27,42,97,454,97
2015,15-01-2021,28,44,103,474,102
2016,19-01-2021,27,44,108,456,105
2017,22-01-2021,28,45,113,472,109
2018,26-01-2021,30,50,119,508,113
2019,29-01-2021,30,51,124,523,116
2020,02-02-2021,28,53,117,444,111
2021,05-02-2021,29,53,123,458,115
2022,09-02-2021,27,51,114,442,109
2023,12-02-2021,28,52,117,468,111
2024,16-02-2021,26,45,102,406,101
2025,19-02-2021,27,46,106,429,104
2026,23-02-2021,23,44,111,398,107
2027,26-02-2021,25,45,117,415,111
2028,02-03-2021,23,33,106,340,104
2029,05-03-2021,24,34,109,354,106
2030,09-03-2021,20,33,108,404,105
2031,12-03-2021,21,34,113,423,109
2032,16-03-2021,22,36,119,379,113
2033,19-03-2021,22,35,113,363,109
2034,23-03-2021,24,42,123,439,115
2035,26-03-2021,21,39,112,417,108
2036,30-03-2021,25,47,115,437,110
2037,02-04-2021,23,43,106,406,104
2038,06-04-2021,19,31,94,327,94
2039,09-04-2021,19,30,98,358,98
2040,13-04-2021,18,26,85,301,85
2041,16-04-2021,15,26,78,283,78
2042,20-04-2021,13,21,76,189,76
2043,23-04-2021,14,21,80,197,80
2044,27-04-2021,11,16,67,129,67
2045,30-04-2021,12,17,69,137,69
2046,04-05-2021,16,23,71,151,71
2047,07-05-2021,14,21,72,151,72
2048,11-05-2021,14,22,81,183,81
2049,14-05-2021,15,23,83,178,83
2050,18-05-2021,10,17,61,108,61
2051,21-05-2021,10,18,67,121,67
2052,25-05-2021,15,20,84,176,84
2053,28-05-2021,15,19,78,163,78
2054,02-07-2021,13,20,76,159,76
2055,06-07-2021,11,19,72,142,72
2056,09-07-2021,12,21,69,133,69
2057,03-08-2021,9,12,54,88,54
2058,06-08-2021,7,14,58,96,58
2059,10-08-2021,12,19,72,130,72
2060,13-08-2021,11,19,63,104,63
2061,17-08-2021,11,17,69,109,69
2062,20-08-2021,8,17,71,123,71
2063,24-08-2021,15,18,85,160,85
2064,27-08-2021,15,20,78,148,78
2065,31-08-2021,11,17,74,131,74
2066,03-09-2021,14,21,85,157,85
2067,10-09-2021,12,20,77,149,77
2068,14-09-2021,13,17,80,152,80
2069,17-09-2021,14,18,83,162,83
2070,21-09-2021,14,18,70,165,70
2071,24-09-2021,15,19,74,178,74
2072,28-09-2021,15,22,82,166,82
2073,01-10-2021,14,20,78,158,78
2074,05-10-2021,15,20,90,178,90
2075,08-10-2021,16,22,94,190,94
2076,12-10-2021,17,23,92,192,92
2077,15-10-2021,18,24,94,201,94
2078,19-10-2021,18,28,81,202,81
2079,22-10-2021,19,31,85,215,85
2080,26-10-2021,19,34,88,210,88
2081,28-10-2021,21,39,92,263,92
2082,29-10-2021,24,41,105,298,103
2083,30-10-2021,27,45,104,308,103
2084,31-10-2021,25,41,115,344,110
2085,02-11-2021,30,51,121,352,114
2086,05-11-2021,33,63,132,413,121
2087,09-11-2021,25,38,104,328,103
2088,12-11-2021,22,34,86,282,86
2089,16-11-2021,21,30,80,235,80
2090,19-11-2021,19,27,72,212,72
2091,23-11-2021,21,33,80,204,80
2092,26-11-2021,20,31,73,185,73
2093,30-11-2021,21,31,77,153,77
2094,03-12-2021,19,28,72,127,72
2095,07-12-2021,14,26,83,176,83
2096,10-12-2021,15,28,89,192,89
2097,14-12-2021,13,25,74,192,74
2098,17-12-2021,15,27,85,210,85
2099,21-12-2021,12,23,78,156,78
2100,24-12-2021,13,24,81,169,81
2101,28-12-2021,16,29,91,210,91
2102,31-12-2021,18,31,97,224,97
2103,04-01-2022,13,23,83,166,83
2104,07-01-2022,9,23,78,152,78
2105,11-01-2022,11,21,74,174,74
2106,14-01-2022,10,21,66,155,66
2107,18-01-2022,14,25,78,173,78
2108,21-01-2022,13,22,73,154,73
2109,25-01-2022,12,21,82,147,82
2110,28-01-2022,11,19,74,135,74
2111,01-02-2022,11,21,88,172,88
2112,04-02-2022,12,23,101,191,101
2113,08-02-2022,13,21,74,173,74
2114,11-02-2022,14,22,79,184,79
2115,15-02-2022,13,20,74,153,74
2116,18-02-2022,14,23,80,166,80
2117,22-02-2022,14,22,81,180,81
2118,25-02-2022,14,20,72,165,72
2119,01-03-2022,11,24,75,151,75
2120,04-03-2022,12,25,78,163,78
2121,08-03-2022,13,26,67,157,67
2122,11-03-2022,13,27,74,167,74
2123,15-03-2022,15,23,67,157,67
2124,18-03-2022,16,26,80,177,80
2125,22-03-2022,12,22,75,165,75
2126,25-03-2022,12,20,71,155,71
2127,29-03-2022,13,26,83,192,83
2128,31-03-2022,17,29,79,176,79
2129,01-04-2022,12,26,69,169,69
2130,05-04-2022,15,23,68,140,68
2131,08-04-2022,14,27,71,148,71
2132,12-04-2022,15,27,90,174,90
2133,15-04-2022,14,25,72,147,72
2134,19-04-2022,13,24,67,154,67
2135,22-04-2022,12,22,63,142,63
2136,26-04-2022,13,26,68,183,68
2137,29-04-2022,14,26,71,192,71
2138,03-06-2022,13,22,60,124,60
2139,07-06-2022,16,21,65,166,65
2140,10-06-2022,15,22,67,176,67
2141,14-06-2022,15,21,67,176,67
2142,17-06-2022,17,22,72,187,72
2143,21-06-2022,7,14,49,103,49
2144,24-06-2022,11,18,61,135,61
2145,28-06-2022,9,18,58,122,58
2146,01-07-2022,9,21,54,106,54
2147,19-07-2022,8,16,51,90,51
2148,22-07-2022,9,15,49,95,49
2149,26-07-2022,10,16,57,115,57
2150,29-07-2022,9,15,54,108,54
2151,02-08-2022,11,17,62,106,62
2152,05-08-2022,11,18,66,113,66
2153,12-08-2022,9,14,59,108,59
2154,19-08-2022,11,16,68,131,68
2155,23-08-2022,14,24,71,145,71
2156,26-08-2022,14,26,75,158,75
2157,30-08-2022,13,25,71,133,71
2158,02-09-2022,11,23,77,148,77
2159,06-09-2022,11,19,62,120,62
2160,09-09-2022,18,30,94,176,94
2161,16-09-2022,12,19,56,115,56
2162,20-09-2022,12,23,66,127,66
2163,23-09-2022,13,24,72,138,72
2164,27-09-2022,15,22,66,152,66
2165,30-09-2022,12,23,71,127,71
2166,04-10-2022,12,23,79,149,79
2167,07-10-2022,11,17,63,114,63
2168,11-10-2022,10,17,35,60,35
2169,14-10-2022,11,19,60,102,60
2170,18-10-2022,10,13,48,93,48
2171,21-10-2022,13,20,66,115,66
2172,25-10-2022,12,22,78,144,78
2173,28-10-2022,11,18,61,115,61
2174,01-11-2022,11,19,65,133,65
2175,04-11-2022,12,21,70,147,70
2176,08-11-2022,14,22,68,148,68
2177,11-11-2022,13,20,63,135,63
2178,15-11-2022,14,18,73,135,73
2179,18-11-2022,14,19,76,144,76
2180,22-11-2022,15,24,72,152,72
2181,25-11-2022,16,24,78,164,78
2182,29-11-2022,14,20,65,148,65
2183,02-12-2022,15,21,67,156,67
2184,06-12-2022,14,25,72,158,72
2185,09-12-2022,16,26,76,166,76
2186,13-12-2022,13,23,64,138,64
2187,16-12-2022,15,25,68,148,68
2188,20-12-2022,16,26,69,166,69
2189,23-12-2022,17,27,72,174,72
2190,27-12-2022,16,29,74,185,74
2191,30-12-2022,17,30,77,192,77
2192,03-01-2023,14,23,69,131,69
2193,06-01-2023,15,24,72,140,72
2194,10-01-2023,16,26,69,166,69
2195,13-01-2023,16,27,74,180,74
2196,17-01-2023,17,28,75,182,75
2197,20-01-2023,17,29,78,192,78
2198,24-01-2023,18,28,82,191,82
2199,27-01-2023,19,29,87,201,87
2200,31-01-2023,20,30,84,190,84
2201,03-02-2023,17,27,72,157,72
2202,07-02-2023,17,26,76,171,76
2203,10-02-2023,17,28,79,180,79
2204,14-02-2023,15,26,73,154,73
2205,17-02-2023,14,25,69,144,69
2206,21-02-2023,19,28,80,179,80
2207,24-02-2023,17,27,74,167,74
2208,28-02-2023,15,23,87,155,87
2209,03-03-2023,13,21,64,135,64
2210,07-03-2023,14,22,70,169,70
2211,10-03-2023,15,23,73,180,73
2212,14-03-2023,16,23,75,176,75
2213,17-03-2023,17,23,78,185,78
2214,21-03-2023,15,28,76,183,76
2215,24-03-2023,16,29,81,198,81
2216,28-03-2023,16,27,72,162,72
